Circuit: * C:\Users\pig\Documents\ee308\lab3\Draft4.asc

Direct Newton iteration failed to find .op point.  (Use ".option noopiter" to skip.)
Starting Gmin stepping
Gmin = 10
Gmin = 1.07374
Gmin = 0.115292
Gmin = 0.0123794
Gmin = 0.00132923
Gmin = 0.000142725
Gmin = 1.5325e-005
Gmin = 1.6455e-006
Gmin = 1.76685e-007
Gmin = 1.89714e-008
vernier = 0.5
vernier = 0.25
Gmin = 3.97859e-009
vernier = 0.333333
Gmin = 1.96913e-009
vernier = 0.444444
vernier = 0.222222
vernier = 0.111111
vernier = 0.148148
Gmin = 1.52834e-009
vernier = 0.197531
Gmin = 1.00134e-009
vernier = 0.263374
vernier = 0.131687
vernier = 0.0658435
vernier = 0.0877914
Gmin = 8.60527e-010
vernier = 0.117055
Gmin = 6.68324e-010
vernier = 0.156073
vernier = 0.0780367
vernier = 0.0390184
Gmin = 5.95331e-010
vernier = 0.0520245
vernier = 0.0693659
Gmin = 5.14303e-010
vernier = 0.0924879
vernier = 0.123317
vernier = 0.0616586
Gmin = 4.33232e-010
vernier = 0.0308293
vernier = 0.0411057
Gmin = 4.0021e-010
vernier = 0.0548076
vernier = 0.0730768
Gmin = 3.48514e-010
vernier = 0.0974357
vernier = 0.0487178
vernier = 0.0243589
Gmin = 3.18317e-010
vernier = 0.0324786
vernier = 0.0433047
Gmin = 2.93198e-010
vernier = 0.0577396
Gmin = 2.57697e-010
vernier = 0.0769862
vernier = 0.0384931
vernier = 0.0192465
vernier = 0.025662
Gmin = 2.48389e-010
vernier = 0.0342161
Gmin = 2.30053e-010
vernier = 0.0456214
vernier = 0.0608285
vernier = 0.0304143
vernier = 0.0152071
Gmin = 2.14106e-010
vernier = 0.0202762
Gmin = 2.04579e-010
vernier = 0.0270349
vernier = 0.0360465
Gmin = 1.8955e-010
vernier = 0.048062
vernier = 0.024031
vernier = 0.0120155
Gmin = 1.83408e-010
vernier = 0.0160207
vernier = 0.0213609
Gmin = 1.75288e-010
vernier = 0.0284812
vernier = 0.0379749
Gmin = 1.63091e-010
vernier = 0.0506331
vernier = 0.0253166
vernier = 0.0126583
Gmin = 1.5556e-010
vernier = 0.0168777
vernier = 0.0225036
Gmin = 1.49042e-010
vernier = 0.0300048
Gmin = 1.39345e-010
vernier = 0.0400064
vernier = 0.0200032
vernier = 0.0100016
vernier = 0.0133355
Gmin = 1.36703e-010
vernier = 0.0177806
Gmin = 1.31352e-010
vernier = 0.0237075
vernier = 0.03161
vernier = 0.015805
vernier = 0.00790249
Gmin = 1.26527e-010
vernier = 0.0105366
Gmin = 1.23566e-010
vernier = 0.0140489
vernier = 0.0187318
Gmin = 1.18753e-010
vernier = 0.0249757
vernier = 0.033301
vernier = 0.0166505
Gmin = 1.13336e-010
vernier = 0.00832524
vernier = 0.0111003
Gmin = 1.10928e-010
vernier = 0.0148004
vernier = 0.0197339
Gmin = 1.0684e-010
vernier = 0.0263119
vernier = 0.0131559
vernier = 0.00657796
Gmin = 1.04242e-010
vernier = 0.00877062
vernier = 0.0116942
Gmin = 1.01947e-010
vernier = 0.0155922
Gmin = 9.84384e-011
vernier = 0.0207896
vernier = 0.0277195
vernier = 0.0138597
vernier = 0.00692986
Gmin = 9.52587e-011
vernier = 0.00923982
Gmin = 9.33008e-011
vernier = 0.0123198
vernier = 0.0164263
Gmin = 9.01058e-011
vernier = 0.0219018
vernier = 0.0109509
vernier = 0.00547544
Gmin = 8.83986e-011
vernier = 0.00730059
vernier = 0.00973411
Gmin = 8.66828e-011
vernier = 0.0129788
vernier = 0.0173051
Gmin = 8.40331e-011
vernier = 0.0230734
vernier = 0.0115367
vernier = 0.00576836
Gmin = 8.2002e-011
vernier = 0.00769114
vernier = 0.0102549
Gmin = 8.05062e-011
vernier = 0.0136731
Gmin = 7.81375e-011
vernier = 0.0182308
vernier = 0.0243078
vernier = 0.0121539
vernier = 0.00607695
Gmin = 7.57754e-011
vernier = 0.00810259
Gmin = 7.44453e-011
vernier = 0.0108035
vernier = 0.0144046
Gmin = 7.23181e-011
vernier = 0.0192061
vernier = 0.00960307
vernier = 0.00480153
Gmin = 7.11999e-011
vernier = 0.00640204
vernier = 0.00853606
Gmin = 6.99864e-011
vernier = 0.0113814
vernier = 0.0151752
Gmin = 6.81064e-011
vernier = 0.0202336
vernier = 0.0101168
vernier = 0.0050584
Gmin = 6.66604e-011
vernier = 0.00674453
vernier = 0.00899271
Gmin = 6.55928e-011
vernier = 0.0119903
Gmin = 6.3897e-011
vernier = 0.015987
vernier = 0.00799351
vernier = 0.00399676
vernier = 0.00532901
Gmin = 6.33043e-011
vernier = 0.00710534
Gmin = 6.23288e-011
vernier = 0.00947379
vernier = 0.0126317
Gmin = 6.07639e-011
vernier = 0.0168423
vernier = 0.00842114
vernier = 0.00421057
Gmin = 5.99391e-011
vernier = 0.00561409
vernier = 0.00748545
Gmin = 5.90422e-011
vernier = 0.0099806
vernier = 0.0133075
Gmin = 5.76488e-011
vernier = 0.0177433
vernier = 0.00887164
vernier = 0.00443582
Gmin = 5.65738e-011
vernier = 0.00591443
vernier = 0.0078859
Gmin = 5.57784e-011
vernier = 0.0105145
Gmin = 5.45116e-011
vernier = 0.0140194
vernier = 0.00700968
vernier = 0.00350484
vernier = 0.00467312
Gmin = 5.40679e-011
vernier = 0.00623083
Gmin = 5.33365e-011
vernier = 0.00830777
vernier = 0.011077
Gmin = 5.21602e-011
vernier = 0.0147694
vernier = 0.00738468
vernier = 0.00369234
Gmin = 5.15387e-011
vernier = 0.00492312
vernier = 0.00656416
Gmin = 5.08617e-011
vernier = 0.00875221
vernier = 0.0116696
Gmin = 4.98074e-011
vernier = 0.0155595
vernier = 0.00777973
vernier = 0.00388987
Gmin = 4.89919e-011
vernier = 0.00518649
vernier = 0.00691532
Gmin = 4.83873e-011
vernier = 0.00922042
Gmin = 4.74221e-011
vernier = 0.0122939
vernier = 0.00614694
vernier = 0.00307347
vernier = 0.00409796
Gmin = 4.70834e-011
vernier = 0.00546395
Gmin = 4.65243e-011
vernier = 0.00728526
vernier = 0.00971368
Gmin = 4.56232e-011
vernier = 0.0129516
vernier = 0.00647579
vernier = 0.00323789
Gmin = 4.51461e-011
vernier = 0.00431719
vernier = 0.00575625
Gmin = 4.46256e-011
vernier = 0.007675
vernier = 0.0102333
Gmin = 4.38133e-011
vernier = 0.0136444
vernier = 0.00682222
vernier = 0.00341111
Gmin = 4.31834e-011
vernier = 0.00454814
vernier = 0.00606419
Gmin = 4.27157e-011
vernier = 0.00808559
Gmin = 4.19675e-011
vernier = 0.0107808
vernier = 0.00539039
vernier = 0.00269519
vernier = 0.00359359
Gmin = 4.17045e-011
vernier = 0.00479145
Gmin = 4.12699e-011
vernier = 0.0063886
vernier = 0.00851814
Gmin = 4.0568e-011
vernier = 0.0113575
vernier = 0.00567876
vernier = 0.00283938
Gmin = 4.01957e-011
vernier = 0.00378584
vernier = 0.00504778
Gmin = 3.9789e-011
vernier = 0.00673037
vernier = 0.00897383
Gmin = 3.91531e-011
vernier = 0.0119651
vernier = 0.00598255
vernier = 0.00299128
Gmin = 3.8659e-011
vernier = 0.00398837
vernier = 0.00531782
Gmin = 3.82915e-011
vernier = 0.00709043
Gmin = 3.77027e-011
vernier = 0.0094539
vernier = 0.00472695
vernier = 0.00236347
Gmin = 3.72382e-011
vernier = 0.0031513
vernier = 0.00420173
Gmin = 3.69582e-011
vernier = 0.00560231
Gmin = 3.65084e-011
vernier = 0.00746974
vernier = 0.00995965
vernier = 0.00497983
vernier = 0.00248991
Gmin = 3.60515e-011
vernier = 0.00331988
Gmin = 3.57907e-011
vernier = 0.00442651
vernier = 0.00590201
Gmin = 3.53677e-011
vernier = 0.00786935
vernier = 0.0104925
Gmin = 3.47078e-011
vernier = 0.00524623
vernier = 0.00262311
vernier = 0.00349749
Gmin = 3.45941e-011
vernier = 0.00466331
vernier = 0.00621775
Gmin = 3.421e-011
vernier = 0.00829033
Gmin = 3.35957e-011
vernier = 0.0110538
vernier = 0.00552688
vernier = 0.00276344
vernier = 0.00368459
Gmin = 3.33799e-011
vernier = 0.00491278
Gmin = 3.30233e-011
vernier = 0.00655038
vernier = 0.00873383
vernier = 0.00436692
vernier = 0.00218346
Gmin = 3.26606e-011
vernier = 0.00291128
Gmin = 3.24533e-011
vernier = 0.0038817
vernier = 0.0051756
Gmin = 3.21167e-011
vernier = 0.0069008
vernier = 0.00920106
Gmin = 3.15905e-011
vernier = 0.00460053
vernier = 0.00230027
vernier = 0.00306702
Gmin = 3.14998e-011
vernier = 0.00408936
vernier = 0.00545248
Gmin = 3.11928e-011
vernier = 0.00726997
Gmin = 3.07011e-011
vernier = 0.00969329
vernier = 0.00484665
vernier = 0.00242332
vernier = 0.0032311
Gmin = 3.05281e-011
vernier = 0.00430813
Gmin = 3.02419e-011
vernier = 0.00574417
vernier = 0.00765889
Gmin = 2.9779e-011
vernier = 0.00382944
vernier = 0.00191472
vernier = 0.00255296
Gmin = 2.97077e-011
vernier = 0.00340395
vernier = 0.0045386
Gmin = 2.94666e-011
vernier = 0.00605146
Gmin = 2.90793e-011
vernier = 0.00806861
vernier = 0.00403431
vernier = 0.00201715
vernier = 0.00268954
Gmin = 2.89428e-011
vernier = 0.00358605
Gmin = 2.87168e-011
vernier = 0.0047814
vernier = 0.00637519
Gmin = 2.83504e-011
vernier = 0.00850026
vernier = 0.00425013
vernier = 0.00212506
Gmin = 2.81554e-011
vernier = 0.00283342
vernier = 0.00377789
Gmin = 2.79419e-011
vernier = 0.00503719
vernier = 0.00671625
Gmin = 2.76069e-011
vernier = 0.00895499
vernier = 0.0044775
vernier = 0.00223875
Gmin = 2.73457e-011
vernier = 0.002985
vernier = 0.00397999
Gmin = 2.71509e-011
vernier = 0.00530666
Gmin = 2.68377e-011
vernier = 0.00707554
vernier = 0.00353777
vernier = 0.00176889
vernier = 0.00235851
Gmin = 2.67272e-011
vernier = 0.00314468
Gmin = 2.6544e-011
vernier = 0.00419291
vernier = 0.00559055
Gmin = 2.62468e-011
vernier = 0.00745406
vernier = 0.00372703
vernier = 0.00186351
Gmin = 2.60884e-011
vernier = 0.00248469
vernier = 0.00331291
Gmin = 2.59148e-011
vernier = 0.00441722
vernier = 0.00588962
Gmin = 2.56422e-011
vernier = 0.00785283
vernier = 0.00392641
vernier = 0.00196321
Gmin = 2.54292e-011
vernier = 0.00261761
vernier = 0.00349014
Gmin = 2.52703e-011
vernier = 0.00465352
Gmin = 2.50145e-011
vernier = 0.0062047
vernier = 0.00827293
vernier = 0.00413646
vernier = 0.00206823
Gmin = 2.47542e-011
vernier = 0.00275764
Gmin = 2.46053e-011
vernier = 0.00367685
vernier = 0.00490247
Gmin = 2.43635e-011
vernier = 0.00653663
vernier = 0.00326831
vernier = 0.00163416
Gmin = 2.42345e-011
vernier = 0.00217887
vernier = 0.00290517
Gmin = 2.40931e-011
vernier = 0.00387355
vernier = 0.00516474
Gmin = 2.38706e-011
vernier = 0.00688631
vernier = 0.00344316
vernier = 0.00172158
Gmin = 2.36967e-011
vernier = 0.00229544
vernier = 0.00306058
Gmin = 2.35668e-011
vernier = 0.00408078
Gmin = 2.33574e-011
vernier = 0.00544103
vernier = 0.00725471
vernier = 0.00362735
vernier = 0.00181368
Gmin = 2.31441e-011
vernier = 0.00241824
Gmin = 2.3022e-011
vernier = 0.00322431
vernier = 0.00429908
Gmin = 2.28235e-011
vernier = 0.00573211
vernier = 0.00764281
Gmin = 2.25124e-011
vernier = 0.00382141
vernier = 0.0019107
vernier = 0.0025476
Gmin = 2.24587e-011
vernier = 0.0033968
vernier = 0.00452907
Gmin = 2.22767e-011
vernier = 0.00603876
vernier = 0.00301938
vernier = 0.00150969
Gmin = 2.21343e-011
vernier = 0.00201292
vernier = 0.00268389
Gmin = 2.20279e-011
vernier = 0.00357852
Gmin = 2.18562e-011
vernier = 0.00477136
vernier = 0.00636181
vernier = 0.00318091
vernier = 0.00159045
Gmin = 2.1681e-011
vernier = 0.0021206
Gmin = 2.15807e-011
vernier = 0.00282747
vernier = 0.00376996
Gmin = 2.14174e-011
vernier = 0.00502661
vernier = 0.00670215
Gmin = 2.11612e-011
vernier = 0.00335107
vernier = 0.00167554
vernier = 0.00223405
Gmin = 2.11169e-011
vernier = 0.00297873
vernier = 0.00397164
Gmin = 2.09668e-011
vernier = 0.00529552
Gmin = 2.07254e-011
vernier = 0.00706069
vernier = 0.00353034
vernier = 0.00176517
vernier = 0.00235356
Gmin = 2.06403e-011
vernier = 0.00313808
Gmin = 2.04991e-011
vernier = 0.00418411
vernier = 0.00557881
vernier = 0.00278941
vernier = 0.0013947
Gmin = 2.0355e-011
vernier = 0.0018596
Gmin = 2.02723e-011
vernier = 0.00247947
vernier = 0.00330596
Gmin = 2.01378e-011
vernier = 0.00440794
vernier = 0.00587726
Gmin = 1.99263e-011
vernier = 0.00293863
vernier = 0.00146931
vernier = 0.00195909
Gmin = 1.98897e-011
vernier = 0.00261211
vernier = 0.00348282
Gmin = 1.97657e-011
vernier = 0.00464375
Gmin = 1.9566e-011
vernier = 0.00619167
vernier = 0.00309584
vernier = 0.00154792
vernier = 0.00206389
Gmin = 1.94955e-011
vernier = 0.00275185
Gmin = 1.93785e-011
vernier = 0.00366914
vernier = 0.00489218
Gmin = 1.91885e-011
vernier = 0.0065229
vernier = 0.00326145
vernier = 0.00163073
Gmin = 1.90871e-011
vernier = 0.0021743
vernier = 0.00289907
Gmin = 1.89759e-011
vernier = 0.00386542
vernier = 0.0051539
Gmin = 1.88011e-011
vernier = 0.00257695
vernier = 0.00128847
vernier = 0.00171796
Gmin = 1.87708e-011
vernier = 0.00229062
vernier = 0.00305416
Gmin = 1.86681e-011
vernier = 0.00407221
Gmin = 1.85027e-011
vernier = 0.00542961
vernier = 0.00271481
vernier = 0.0013574
vernier = 0.00180987
Gmin = 1.84442e-011
vernier = 0.00241316
Gmin = 1.83471e-011
vernier = 0.00321754
vernier = 0.00429006
Gmin = 1.81892e-011
vernier = 0.00572008
vernier = 0.00286004
vernier = 0.00143002
Gmin = 1.81049e-011
vernier = 0.00190669
vernier = 0.00254226
Gmin = 1.80124e-011
vernier = 0.00338967
vernier = 0.00451956
Gmin = 1.78667e-011
vernier = 0.00602608
vernier = 0.00301304
vernier = 0.00150652
Gmin = 1.77528e-011
vernier = 0.00200869
vernier = 0.00267826
Gmin = 1.76676e-011
vernier = 0.00357101
Gmin = 1.75301e-011
vernier = 0.00476134
vernier = 0.00238067
vernier = 0.00119034
vernier = 0.00158711
Gmin = 1.74815e-011
vernier = 0.00211615
Gmin = 1.74008e-011
vernier = 0.00282153
vernier = 0.00376205
Gmin = 1.72694e-011
vernier = 0.00501606
vernier = 0.00250803
vernier = 0.00125401
Gmin = 1.71992e-011
vernier = 0.00167202
vernier = 0.00222936
Gmin = 1.71221e-011
vernier = 0.00297248
vernier = 0.0039633
Gmin = 1.70007e-011
vernier = 0.0052844
vernier = 0.0026422
vernier = 0.0013211
Gmin = 1.69055e-011
vernier = 0.00176147
vernier = 0.00234862
Gmin = 1.68343e-011
vernier = 0.0031315
Gmin = 1.67194e-011
vernier = 0.00417533
vernier = 0.0055671
vernier = 0.00278355
vernier = 0.00139177
Gmin = 1.66021e-011
vernier = 0.0018557
Gmin = 1.65349e-011
vernier = 0.00247427
vernier = 0.00329902
Gmin = 1.64253e-011
vernier = 0.00439869
vernier = 0.00586492
Gmin = 1.62532e-011
vernier = 0.00293246
vernier = 0.00146623
vernier = 0.00195497
Gmin = 1.62235e-011
vernier = 0.00260663
vernier = 0.00347551
Gmin = 1.61225e-011
vernier = 0.00463401
vernier = 0.002317
vernier = 0.0011585
Gmin = 1.60433e-011
vernier = 0.00154467
vernier = 0.00205956
Gmin = 1.59841e-011
vernier = 0.00274608
Gmin = 1.58884e-011
vernier = 0.00366143
vernier = 0.00488191
vernier = 0.00244096
vernier = 0.00122048
Gmin = 1.57906e-011
vernier = 0.0016273
Gmin = 1.57345e-011
vernier = 0.00216974
vernier = 0.00289298
Gmin = 1.5643e-011
vernier = 0.00385731
vernier = 0.00514308
Gmin = 1.54992e-011
vernier = 0.00257154
vernier = 0.00128577
vernier = 0.00171436
Gmin = 1.54743e-011
vernier = 0.00228581
vernier = 0.00304775
Gmin = 1.53898e-011
vernier = 0.00406366
Gmin = 1.52537e-011
vernier = 0.00541821
vernier = 0.00270911
vernier = 0.00135455
vernier = 0.00180607
Gmin = 1.52055e-011
vernier = 0.00240809
Gmin = 1.51257e-011
vernier = 0.00321079
vernier = 0.00428105
vernier = 0.00214053
vernier = 0.00107026
Gmin = 1.5044e-011
vernier = 0.00142702
Gmin = 1.49971e-011
vernier = 0.00190269
vernier = 0.00253692
Gmin = 1.49206e-011
vernier = 0.00338256
vernier = 0.00451008
Gmin = 1.48002e-011
vernier = 0.00225504
vernier = 0.00112752
vernier = 0.00150336
Gmin = 1.47794e-011
vernier = 0.00200448
vernier = 0.00267264
Gmin = 1.47086e-011
vernier = 0.00356351
Gmin = 1.45944e-011
vernier = 0.00475135
vernier = 0.00237567
vernier = 0.00118784
vernier = 0.00158378
Gmin = 1.45541e-011
vernier = 0.00211171
Gmin = 1.4487e-011
vernier = 0.00281561
vernier = 0.00375415
Gmin = 1.43778e-011
vernier = 0.00500553
vernier = 0.00250276
vernier = 0.00125138
Gmin = 1.43195e-011
vernier = 0.00166851
vernier = 0.00222468
Gmin = 1.42554e-011
vernier = 0.00296624
vernier = 0.00395498
Gmin = 1.41545e-011
vernier = 0.00197749
vernier = 0.000988746
vernier = 0.00131833
Gmin = 1.4137e-011
vernier = 0.00175777
vernier = 0.00234369
Gmin = 1.40776e-011
vernier = 0.00312492
Gmin = 1.39818e-011
vernier = 0.00416656
vernier = 0.00208328
vernier = 0.00104164
vernier = 0.00138885
Gmin = 1.39478e-011
vernier = 0.0018518
Gmin = 1.38915e-011
vernier = 0.00246907
vernier = 0.00329209
Gmin = 1.37996e-011
vernier = 0.00438946
vernier = 0.00219473
vernier = 0.00109736
Gmin = 1.37505e-011
vernier = 0.00146315
vernier = 0.00195087
Gmin = 1.36966e-011
vernier = 0.00260116
vernier = 0.00346821
Gmin = 1.36115e-011
vernier = 0.00462428
vernier = 0.00231214
vernier = 0.00115607
Gmin = 1.35448e-011
vernier = 0.00154143
vernier = 0.00205523
Gmin = 1.34949e-011
vernier = 0.00274031
Gmin = 1.34143e-011
vernier = 0.00365375
vernier = 0.00487166
vernier = 0.00243583
vernier = 0.00121792
Gmin = 1.33318e-011
vernier = 0.00162389
Gmin = 1.32846e-011
vernier = 0.00216518
vernier = 0.00288691
Gmin = 1.32075e-011
vernier = 0.00384921
vernier = 0.00192461
vernier = 0.000962303
Gmin = 1.31663e-011
vernier = 0.00128307
vernier = 0.00171076
Gmin = 1.3121e-011
vernier = 0.00228101
vernier = 0.00304135
Gmin = 1.30495e-011
vernier = 0.00405513
vernier = 0.00202757
vernier = 0.00101378
Gmin = 1.29934e-011
vernier = 0.00135171
vernier = 0.00180228
Gmin = 1.29514e-011
vernier = 0.00240304
Gmin = 1.28835e-011
vernier = 0.00320405
vernier = 0.00427207
vernier = 0.00213603
vernier = 0.00106802
Gmin = 1.28141e-011
vernier = 0.00142402
Gmin = 1.27742e-011
vernier = 0.0018987
vernier = 0.00253159
Gmin = 1.27092e-011
vernier = 0.00337546
vernier = 0.00450061
Gmin = 1.26069e-011
vernier = 0.0022503
vernier = 0.00112515
vernier = 0.0015002
Gmin = 1.25892e-011
vernier = 0.00200027
vernier = 0.00266702
Gmin = 1.2529e-011
vernier = 0.00355603
vernier = 0.00177802
vernier = 0.000889008
Gmin = 1.24818e-011
vernier = 0.00118534
vernier = 0.00158046
Gmin = 1.24464e-011
vernier = 0.00210728
Gmin = 1.23892e-011
vernier = 0.0028097
vernier = 0.00374627
vernier = 0.00187313
vernier = 0.000936567
Gmin = 1.23306e-011
vernier = 0.00124876
Gmin = 1.22969e-011
vernier = 0.00166501
vernier = 0.00222001
Gmin = 1.22421e-011
vernier = 0.00296001
vernier = 0.00394668
Gmin = 1.21556e-011
vernier = 0.00197334
vernier = 0.00098667
vernier = 0.00131556
Gmin = 1.21406e-011
vernier = 0.00175408
vernier = 0.00233877
Gmin = 1.20897e-011
vernier = 0.00311836
Gmin = 1.20075e-011
vernier = 0.00415781
vernier = 0.00207891
vernier = 0.00103945
vernier = 0.00138594
Gmin = 1.19784e-011
vernier = 0.00184792
Gmin = 1.19301e-011
vernier = 0.00246389
vernier = 0.00328518
Gmin = 1.18514e-011
vernier = 0.00438024
vernier = 0.00219012
vernier = 0.00109506
Gmin = 1.18093e-011
vernier = 0.00146008
vernier = 0.00194677
Gmin = 1.17631e-011
vernier = 0.0025957
vernier = 0.00346093
Gmin = 1.16902e-011
vernier = 0.00173046
vernier = 0.000865232
vernier = 0.00115364
Gmin = 1.16776e-011
vernier = 0.00153819
vernier = 0.00205092
Gmin = 1.16346e-011
vernier = 0.00273456
Gmin = 1.15652e-011
vernier = 0.00364608
vernier = 0.00182304
vernier = 0.000911519
vernier = 0.00121536
Gmin = 1.15407e-011
vernier = 0.00162048
Gmin = 1.14998e-011
vernier = 0.00216064
vernier = 0.00288085
Gmin = 1.14333e-011
vernier = 0.00384113
vernier = 0.00192057
vernier = 0.000960283
Gmin = 1.13977e-011
vernier = 0.00128038
vernier = 0.00170717
Gmin = 1.13585e-011
vernier = 0.00227622
vernier = 0.00303496
Gmin = 1.12968e-011
vernier = 0.00404662
vernier = 0.00202331
vernier = 0.00101165
Gmin = 1.12483e-011
vernier = 0.00134887
vernier = 0.0017985
Gmin = 1.1212e-011
vernier = 0.00239799
Gmin = 1.11534e-011
vernier = 0.00319732
vernier = 0.00159866
vernier = 0.000799331
vernier = 0.00106577
Gmin = 1.11326e-011
vernier = 0.00142103
Gmin = 1.10981e-011
vernier = 0.00189471
vernier = 0.00252628
Gmin = 1.10417e-011
vernier = 0.00336837
vernier = 0.00168419
vernier = 0.000842093
Gmin = 1.10115e-011
vernier = 0.00112279
vernier = 0.00149705
Gmin = 1.09784e-011
vernier = 0.00199607
vernier = 0.00266143
Gmin = 1.0926e-011
vernier = 0.00354857
vernier = 0.00177428
vernier = 0.000887142
Gmin = 1.08849e-011
vernier = 0.00118286
vernier = 0.00157714
Gmin = 1.08541e-011
vernier = 0.00210285
Gmin = 1.08043e-011
vernier = 0.0028038
vernier = 0.0037384
vernier = 0.0018692
vernier = 0.000934601
Gmin = 1.07533e-011
vernier = 0.00124613
Gmin = 1.0724e-011
vernier = 0.00166151
vernier = 0.00221535
Gmin = 1.06763e-011
vernier = 0.0029538
vernier = 0.0039384
Gmin = 1.0601e-011
vernier = 0.0019692
vernier = 0.000984599
vernier = 0.0013128
Gmin = 1.0588e-011
vernier = 0.0017504
vernier = 0.00233386
Gmin = 1.05437e-011
vernier = 0.00311182
vernier = 0.00155591
vernier = 0.000777954
Gmin = 1.05089e-011
vernier = 0.00103727
vernier = 0.00138303
Gmin = 1.04828e-011
vernier = 0.00184404
Gmin = 1.04406e-011
vernier = 0.00245872
vernier = 0.00327829
vernier = 0.00163914
vernier = 0.000819572
Gmin = 1.03974e-011
vernier = 0.00109276
Gmin = 1.03726e-011
vernier = 0.00145702
vernier = 0.00194269
Gmin = 1.0332e-011
vernier = 0.00259025
vernier = 0.00345366
Gmin = 1.02681e-011
vernier = 0.00172683
vernier = 0.000863416
vernier = 0.00115122
Gmin = 1.02571e-011
vernier = 0.00153496
vernier = 0.00204661
Gmin = 1.02194e-011
vernier = 0.00272882
Gmin = 1.01586e-011
vernier = 0.00363842
vernier = 0.00181921
vernier = 0.000909606
vernier = 0.00121281
Gmin = 1.01371e-011
vernier = 0.00161708
Gmin = 1.01013e-011
vernier = 0.0021561
vernier = 0.0028748
Gmin = 1.00429e-011
vernier = 0.00383307
vernier = 0.00191653
vernier = 0.000958267
Gmin = 1.00117e-011
vernier = 0.00127769
vernier = 0.00170358
Gmin = 9.97741e-012
vernier = 0.00227145
vernier = 0.00302859
Gmin = 9.92328e-012
vernier = 0.0015143
vernier = 0.000757148
vernier = 0.00100953
Gmin = 9.91389e-012
vernier = 0.00134604
vernier = 0.00179472
Gmin = 9.88198e-012
vernier = 0.00239296
Gmin = 9.8304e-012
vernier = 0.00319061
vernier = 0.00159531
vernier = 0.000797653
vernier = 0.00106354
Gmin = 9.81212e-012
vernier = 0.00141805
Gmin = 9.78174e-012
vernier = 0.00189073
vernier = 0.00252098
Gmin = 9.73217e-012
vernier = 0.0033613
vernier = 0.00168065
vernier = 0.000840325
Gmin = 9.70563e-012
vernier = 0.00112043
vernier = 0.00149391
Gmin = 9.67646e-012
vernier = 0.00199188
vernier = 0.00265584
Gmin = 9.6304e-012
vernier = 0.00354112
vernier = 0.00177056
vernier = 0.00088528
Gmin = 9.59425e-012
vernier = 0.00118037
vernier = 0.00157383
Gmin = 9.56716e-012
vernier = 0.00209844
Gmin = 9.52335e-012
vernier = 0.00279792
vernier = 0.00139896
vernier = 0.000699479
vernier = 0.000932639
Gmin = 9.50782e-012
vernier = 0.00124352
Gmin = 9.482e-012
vernier = 0.00165802
vernier = 0.0022107
Gmin = 9.43985e-012
vernier = 0.0029476
vernier = 0.0014738
vernier = 0.000736899
Gmin = 9.41728e-012
vernier = 0.000982532
vernier = 0.00131004
Gmin = 9.39244e-012
vernier = 0.00174672
vernier = 0.00232896
Gmin = 9.35323e-012
vernier = 0.00310528
vernier = 0.00155264
vernier = 0.000776321
Gmin = 9.32243e-012
vernier = 0.00103509
vernier = 0.00138013
Gmin = 9.29934e-012
vernier = 0.00184017
Gmin = 9.26199e-012
vernier = 0.00245355
vernier = 0.00327141
vernier = 0.0016357
vernier = 0.000817851
Gmin = 9.22373e-012
vernier = 0.00109047
Gmin = 9.20176e-012
vernier = 0.00145396
vernier = 0.00193861
Gmin = 9.16588e-012
vernier = 0.00258481
vernier = 0.00344641
Gmin = 9.10931e-012
vernier = 0.00172321
vernier = 0.000861604
vernier = 0.0011488
Gmin = 9.09951e-012
vernier = 0.00153174
vernier = 0.00204232
Gmin = 9.06618e-012
vernier = 0.00272309
vernier = 0.00136155
vernier = 0.000680773
Gmin = 9.03999e-012
vernier = 0.000907697
vernier = 0.00121026
Gmin = 9.02036e-012
vernier = 0.00161368
Gmin = 8.98858e-012
vernier = 0.00215158
vernier = 0.00286877
vernier = 0.00143438
vernier = 0.000717192
Gmin = 8.95601e-012
vernier = 0.000956255
Gmin = 8.9373e-012
vernier = 0.00127501
vernier = 0.00170001
Gmin = 8.90673e-012
vernier = 0.00226668
vernier = 0.00302224
Gmin = 8.85851e-012
vernier = 0.00151112
vernier = 0.000755559
vernier = 0.00100741
Gmin = 8.85014e-012
vernier = 0.00134322
vernier = 0.00179095
Gmin = 8.82171e-012
vernier = 0.00238794
Gmin = 8.77576e-012
vernier = 0.00318392
vernier = 0.00159196
vernier = 0.000795979
vernier = 0.0010613
Gmin = 8.75948e-012
vernier = 0.00141507
Gmin = 8.73241e-012
vernier = 0.00188676
vernier = 0.00251568
Gmin = 8.68826e-012
vernier = 0.00335424
vernier = 0.00167712
vernier = 0.000838561
Gmin = 8.66462e-012
vernier = 0.00111808
vernier = 0.00149077
Gmin = 8.63863e-012
vernier = 0.0019877
vernier = 0.00265026
Gmin = 8.59759e-012
vernier = 0.00132513
vernier = 0.000662566
vernier = 0.000883421
Gmin = 8.59048e-012
vernier = 0.00117789
vernier = 0.00157053
Gmin = 8.56627e-012
vernier = 0.00209403
Gmin = 8.52713e-012
vernier = 0.00279204
vernier = 0.00139602
vernier = 0.000698011
vernier = 0.000930681
Gmin = 8.51326e-012
vernier = 0.00124091
Gmin = 8.49018e-012
vernier = 0.00165454
vernier = 0.00220606
Gmin = 8.45252e-012
vernier = 0.00294141
vernier = 0.0014707
vernier = 0.000735352
Gmin = 8.43235e-012
vernier = 0.00098047
vernier = 0.00130729
Gmin = 8.41016e-012
vernier = 0.00174306
vernier = 0.00232407
Gmin = 8.37512e-012
vernier = 0.00309876
vernier = 0.00154938
vernier = 0.000774691
Gmin = 8.3476e-012
vernier = 0.00103292
vernier = 0.00137723
Gmin = 8.32697e-012
vernier = 0.0018363
Gmin = 8.2936e-012
vernier = 0.0024484
vernier = 0.00326454
vernier = 0.00163227
vernier = 0.000816135
Gmin = 8.25941e-012
vernier = 0.00108818
Gmin = 8.23977e-012
vernier = 0.00145091
vernier = 0.00193454
Gmin = 8.20771e-012
vernier = 0.00257939
vernier = 0.00128969
vernier = 0.000644846
Gmin = 8.19053e-012
vernier = 0.000859795
vernier = 0.00114639
Gmin = 8.17163e-012
vernier = 0.00152852
vernier = 0.00203803
Gmin = 8.14177e-012
vernier = 0.00271737
vernier = 0.00135869
vernier = 0.000679344
Gmin = 8.1183e-012
vernier = 0.000905791
vernier = 0.00120772
Gmin = 8.1007e-012
vernier = 0.00161029
Gmin = 8.07222e-012
vernier = 0.00214706
vernier = 0.00286274
vernier = 0.00143137
vernier = 0.000715686
Gmin = 8.04304e-012
vernier = 0.000954248
Gmin = 8.02627e-012
vernier = 0.00127233
vernier = 0.00169644
Gmin = 7.99887e-012
vernier = 0.00226192
vernier = 0.00301589
Gmin = 7.95566e-012
vernier = 0.00150795
vernier = 0.000753973
vernier = 0.0010053
Gmin = 7.94816e-012
vernier = 0.0013404
vernier = 0.00178719
Gmin = 7.92268e-012
vernier = 0.00238292
Gmin = 7.8815e-012
vernier = 0.00317723
vernier = 0.00158862
vernier = 0.000794308
vernier = 0.00105908
Gmin = 7.86691e-012
vernier = 0.0014121
Gmin = 7.84265e-012
vernier = 0.0018828
vernier = 0.0025104
vernier = 0.0012552
vernier = 0.000627601
Gmin = 7.81778e-012
vernier = 0.000836801
Gmin = 7.80348e-012
vernier = 0.00111573
vernier = 0.00148765
Gmin = 7.78012e-012
vernier = 0.00198353
vernier = 0.0026447
Gmin = 7.74325e-012
vernier = 0.00132235
vernier = 0.000661175
vernier = 0.000881567
Gmin = 7.73685e-012
vernier = 0.00117542
vernier = 0.00156723
Gmin = 7.71509e-012
vernier = 0.00208964
Gmin = 7.67992e-012
vernier = 0.00278618
vernier = 0.00139309
vernier = 0.000696546
vernier = 0.000928728
Gmin = 7.66745e-012
vernier = 0.0012383
Gmin = 7.64671e-012
vernier = 0.00165107
vernier = 0.00220143
Gmin = 7.61286e-012
vernier = 0.00293523
vernier = 0.00146762
vernier = 0.000733809
Gmin = 7.59473e-012
vernier = 0.000978411
vernier = 0.00130455
Gmin = 7.57479e-012
vernier = 0.0017394
vernier = 0.0023192
Gmin = 7.5433e-012
vernier = 0.00309226
vernier = 0.00154613
vernier = 0.000773065
Gmin = 7.51856e-012
vernier = 0.00103075
vernier = 0.00137434
Gmin = 7.50002e-012
vernier = 0.00183245
Gmin = 7.47002e-012
vernier = 0.00244326
vernier = 0.00122163
vernier = 0.000610816
vernier = 0.000814421
Gmin = 7.45938e-012
vernier = 0.00108589
Gmin = 7.44169e-012
vernier = 0.00144786
vernier = 0.00193048
Gmin = 7.41279e-012
vernier = 0.00257397
vernier = 0.00128699
vernier = 0.000643493
Gmin = 7.39731e-012
vernier = 0.00085799
vernier = 0.00114399
Gmin = 7.38027e-012
vernier = 0.00152532
vernier = 0.00203375
Gmin = 7.35336e-012
vernier = 0.00271167
vernier = 0.00135583
vernier = 0.000677917
Gmin = 7.33221e-012
vernier = 0.00090389
vernier = 0.00120519
Gmin = 7.31635e-012
vernier = 0.00160691
Gmin = 7.29068e-012
vernier = 0.00214255
vernier = 0.00285674
vernier = 0.00142837
vernier = 0.000714184
Gmin = 7.26437e-012
vernier = 0.000952245
Gmin = 7.24926e-012
vernier = 0.00126966
vernier = 0.00169288
Gmin = 7.22457e-012
vernier = 0.00225717
vernier = 0.00112859
vernier = 0.000564293
Gmin = 7.21133e-012
vernier = 0.00075239
vernier = 0.00100319
Gmin = 7.19677e-012
vernier = 0.00133758
vernier = 0.00178344
Gmin = 7.17375e-012
vernier = 0.00237792
vernier = 0.00118896
vernier = 0.000594481
Gmin = 7.15565e-012
vernier = 0.000792641
vernier = 0.00105685
Gmin = 7.14207e-012
vernier = 0.00140914
Gmin = 7.1201e-012
vernier = 0.00187885
vernier = 0.00250513
vernier = 0.00125257
vernier = 0.000626283
Gmin = 7.09756e-012
vernier = 0.000835044
Gmin = 7.08461e-012
vernier = 0.00111339
vernier = 0.00148452
Gmin = 7.06345e-012
vernier = 0.00197936
vernier = 0.00263915
Gmin = 7.03004e-012
vernier = 0.00131957
vernier = 0.000659787
vernier = 0.000879716
Gmin = 7.02424e-012
vernier = 0.00117295
vernier = 0.00156394
Gmin = 7.00453e-012
vernier = 0.00208525
Gmin = 6.97266e-012
vernier = 0.00278033
vernier = 0.00139017
vernier = 0.000695084
vernier = 0.000926778
Gmin = 6.96136e-012
vernier = 0.0012357
Gmin = 6.94257e-012
vernier = 0.0016476
vernier = 0.00219681
vernier = 0.0010984
vernier = 0.000549201
Gmin = 6.9233e-012
vernier = 0.000732268
Gmin = 6.91222e-012
vernier = 0.000976358
vernier = 0.00130181
Gmin = 6.89411e-012
vernier = 0.00173575
vernier = 0.00231433
Gmin = 6.86551e-012
vernier = 0.00115716
vernier = 0.000578582
vernier = 0.000771442
Gmin = 6.86054e-012
vernier = 0.00102859
vernier = 0.00137145
Gmin = 6.84366e-012
vernier = 0.0018286
Gmin = 6.81634e-012
vernier = 0.00243814
vernier = 0.00121907
vernier = 0.000609534
vernier = 0.000812712
Gmin = 6.80666e-012
vernier = 0.00108362
Gmin = 6.79054e-012
vernier = 0.00144482
vernier = 0.00192643
Gmin = 6.76423e-012
vernier = 0.00256857
vernier = 0.00128428
vernier = 0.000642142
Gmin = 6.75013e-012
vernier = 0.000856189
vernier = 0.00114159
Gmin = 6.73462e-012
vernier = 0.00152211
vernier = 0.00202948
Gmin = 6.71011e-012
vernier = 0.00270598
vernier = 0.00135299
vernier = 0.000676494
Gmin = 6.69085e-012
vernier = 0.000901992
vernier = 0.00120266
Gmin = 6.67641e-012
vernier = 0.00160354
Gmin = 6.65304e-012
vernier = 0.00213805
vernier = 0.00106903
vernier = 0.000534514
vernier = 0.000712685
Gmin = 6.64474e-012
vernier = 0.000950246
Gmin = 6.63095e-012
vernier = 0.00126699
vernier = 0.00168933
Gmin = 6.60841e-012
vernier = 0.00225243
vernier = 0.00112622
vernier = 0.000563108
Gmin = 6.59633e-012
vernier = 0.000750811
vernier = 0.00100108
Gmin = 6.58303e-012
vernier = 0.00133477
vernier = 0.0017797
Gmin = 6.56202e-012
vernier = 0.00237293
vernier = 0.00118647
vernier = 0.000593233
Gmin = 6.5455e-012
vernier = 0.000790977
vernier = 0.00105464
Gmin = 6.53311e-012
vernier = 0.00140618
Gmin = 6.51305e-012
vernier = 0.00187491
vernier = 0.00249987
vernier = 0.00124994
vernier = 0.000624969
Gmin = 6.49248e-012
vernier = 0.000833291
Gmin = 6.48065e-012
vernier = 0.00111105
vernier = 0.00148141
Gmin = 6.46134e-012
vernier = 0.00197521
vernier = 0.00263361
Gmin = 6.43084e-012
vernier = 0.0013168
vernier = 0.000658402
vernier = 0.00087787
Gmin = 6.42555e-012
vernier = 0.00117049
vernier = 0.00156066
Gmin = 6.40756e-012
vernier = 0.00208087
vernier = 0.00104044
vernier = 0.000520219
Gmin = 6.39341e-012
vernier = 0.000693625
vernier = 0.000924833
Gmin = 6.38279e-012
vernier = 0.00123311
Gmin = 6.3656e-012
vernier = 0.00164415
vernier = 0.00219219
vernier = 0.0010961
vernier = 0.000548049
Gmin = 6.34797e-012
vernier = 0.000730731
Gmin = 6.33783e-012
vernier = 0.000974308
vernier = 0.00129908
Gmin = 6.32126e-012
vernier = 0.0017321
vernier = 0.00230947
Gmin = 6.29509e-012
vernier = 0.00115473
vernier = 0.000577367
vernier = 0.000769823
Gmin = 6.29054e-012
vernier = 0.00102643
vernier = 0.00136857
Gmin = 6.2751e-012
vernier = 0.00182476
Gmin = 6.2501e-012
vernier = 0.00243302
vernier = 0.00121651
vernier = 0.000608254
vernier = 0.000811006
Gmin = 6.24124e-012
vernier = 0.00108134
Gmin = 6.2265e-012
vernier = 0.00144179
vernier = 0.00192238
Gmin = 6.20242e-012
vernier = 0.00256318
vernier = 0.00128159
vernier = 0.000640794
Gmin = 6.18952e-012
vernier = 0.000854392
vernier = 0.00113919
Gmin = 6.17533e-012
vernier = 0.00151892
vernier = 0.00202522
Gmin = 6.1529e-012
vernier = 0.00101261
vernier = 0.000506306
vernier = 0.000675074
Gmin = 6.149e-012
vernier = 0.000900099
vernier = 0.00120013
Gmin = 6.13576e-012
vernier = 0.00160018
Gmin = 6.11432e-012
vernier = 0.00213357
vernier = 0.00106678
vernier = 0.000533392
vernier = 0.000711189
Gmin = 6.10672e-012
vernier = 0.000948251
Gmin = 6.09407e-012
vernier = 0.00126433
vernier = 0.00168578
Gmin = 6.0734e-012
vernier = 0.0022477
vernier = 0.00112385
vernier = 0.000561926
Gmin = 6.06232e-012
vernier = 0.000749235
vernier = 0.000998979
Gmin = 6.05013e-012
vernier = 0.00133197
vernier = 0.00177596
Gmin = 6.03085e-012
vernier = 0.00236795
vernier = 0.00118397
vernier = 0.000591987
Gmin = 6.0157e-012
vernier = 0.000789316
vernier = 0.00105242
Gmin = 6.00434e-012
vernier = 0.00140323
Gmin = 5.98594e-012
vernier = 0.00187097
vernier = 0.00249463
vernier = 0.00124731
vernier = 0.000623657
Gmin = 5.96707e-012
vernier = 0.000831542
Gmin = 5.95623e-012
vernier = 0.00110872
vernier = 0.0014783
Gmin = 5.93851e-012
vernier = 0.00197106
vernier = 0.000985531
vernier = 0.000492765
Gmin = 5.92901e-012
vernier = 0.00065702
vernier = 0.000876027
Gmin = 5.91855e-012
vernier = 0.00116804
vernier = 0.00155738
Gmin = 5.90201e-012
vernier = 0.00207651
vernier = 0.00103825
vernier = 0.000519127
Gmin = 5.88901e-012
vernier = 0.000692169
vernier = 0.000922891
Gmin = 5.87925e-012
vernier = 0.00123052
Gmin = 5.86345e-012
vernier = 0.00164069
vernier = 0.00218759
vernier = 0.0010938
vernier = 0.000546898
Gmin = 5.84724e-012
vernier = 0.000729197
Gmin = 5.83792e-012
vernier = 0.000972263
vernier = 0.00129635
Gmin = 5.82269e-012
vernier = 0.00172847
vernier = 0.00230462
Gmin = 5.79863e-012
vernier = 0.00115231
vernier = 0.000576155
vernier = 0.000768207
Gmin = 5.79446e-012
vernier = 0.00102428
vernier = 0.0013657
Gmin = 5.78026e-012
vernier = 0.00182093
Gmin = 5.75728e-012
vernier = 0.00242791
vernier = 0.00121396
vernier = 0.000606978
vernier = 0.000809303
Gmin = 5.74914e-012
vernier = 0.00107907
Gmin = 5.73558e-012
vernier = 0.00143876
vernier = 0.00191835
vernier = 0.000959174
vernier = 0.000479587
Gmin = 5.72168e-012
vernier = 0.000639449
Gmin = 5.71368e-012
vernier = 0.000852598
vernier = 0.0011368
Gmin = 5.7006e-012
vernier = 0.00151573
vernier = 0.00202097
Gmin = 5.67994e-012
vernier = 0.00101049
vernier = 0.000505243
vernier = 0.000673657
Gmin = 5.67636e-012
vernier = 0.000898209
vernier = 0.00119761
Gmin = 5.66416e-012
vernier = 0.00159682
Gmin = 5.64441e-012
vernier = 0.00212909
vernier = 0.00106454
vernier = 0.000532272
vernier = 0.000709696
Gmin = 5.6374e-012
vernier = 0.000946261
Gmin = 5.62575e-012
vernier = 0.00126168
vernier = 0.00168224
Gmin = 5.60671e-012
vernier = 0.00224299
vernier = 0.00112149
vernier = 0.000560747
Gmin = 5.5965e-012
vernier = 0.000747662
vernier = 0.000996882
Gmin = 5.58527e-012
vernier = 0.00132918
vernier = 0.00177223
Gmin = 5.56751e-012
vernier = 0.00236298
vernier = 0.00118149
vernier = 0.000590745
Gmin = 5.55356e-012
vernier = 0.000787659
vernier = 0.00105021
Gmin = 5.54309e-012
vernier = 0.00140028
Gmin = 5.52614e-012
vernier = 0.00186704
vernier = 0.000933521
vernier = 0.000466761
vernier = 0.000622348
Gmin = 5.52012e-012
vernier = 0.000829796
Gmin = 5.51011e-012
vernier = 0.0011064
vernier = 0.00147519
Gmin = 5.49376e-012
vernier = 0.00196692
vernier = 0.000983462
vernier = 0.000491731
Gmin = 5.48498e-012
vernier = 0.000655641
vernier = 0.000874188
Gmin = 5.47533e-012
vernier = 0.00116558
vernier = 0.00155411
Gmin = 5.46006e-012
vernier = 0.00207215
vernier = 0.00103607
vernier = 0.000518037
Gmin = 5.44806e-012
vernier = 0.000690716
vernier = 0.000920954
Gmin = 5.43905e-012
vernier = 0.00122794
Gmin = 5.42446e-012
vernier = 0.00163725
vernier = 0.002183
vernier = 0.0010915
vernier = 0.00054575
Gmin = 5.4095e-012
vernier = 0.000727667
Gmin = 5.40089e-012
vernier = 0.000970222
vernier = 0.00129363
Gmin = 5.38683e-012
vernier = 0.00172484
vernier = 0.00229978
Gmin = 5.36462e-012
vernier = 0.00114989
vernier = 0.000574946
vernier = 0.000766594
Gmin = 5.36077e-012
vernier = 0.00102213
vernier = 0.00136283
Gmin = 5.34766e-012
vernier = 0.00181711
vernier = 0.000908555
vernier = 0.000454278
Gmin = 5.33734e-012
vernier = 0.000605703
vernier = 0.000807604
Gmin = 5.3296e-012
vernier = 0.00107681
Gmin = 5.31707e-012
vernier = 0.00143574
vernier = 0.00191432
vernier = 0.00095716
vernier = 0.00047858
Gmin = 5.3042e-012
vernier = 0.000638107
Gmin = 5.2968e-012
vernier = 0.000850809
vernier = 0.00113441
Gmin = 5.28471e-012
vernier = 0.00151255
vernier = 0.00201673
Gmin = 5.2656e-012
vernier = 0.00100836
vernier = 0.000504182
vernier = 0.000672243
Gmin = 5.26228e-012
vernier = 0.000896324
vernier = 0.0011951
Gmin = 5.25099e-012
vernier = 0.00159346
Gmin = 5.23272e-012
vernier = 0.00212462
vernier = 0.00106231
vernier = 0.000531155
vernier = 0.000708206
Gmin = 5.22624e-012
vernier = 0.000944274
Gmin = 5.21546e-012
vernier = 0.00125903
vernier = 0.00167871
Gmin = 5.19784e-012
vernier = 0.00223828
vernier = 0.00111914
vernier = 0.00055957
Gmin = 5.1884e-012
vernier = 0.000746092
vernier = 0.00099479
Gmin = 5.17801e-012
vernier = 0.00132639
vernier = 0.00176851
Gmin = 5.16158e-012
vernier = 0.000884257
vernier = 0.000442129
vernier = 0.000589505
Gmin = 5.15873e-012
vernier = 0.000786006
vernier = 0.00104801
Gmin = 5.14903e-012
vernier = 0.00139734
Gmin = 5.13332e-012
vernier = 0.00186312
vernier = 0.000931562
vernier = 0.000465781
vernier = 0.000621041
Gmin = 5.12774e-012
vernier = 0.000828055
Gmin = 5.11846e-012
vernier = 0.00110407
vernier = 0.0014721
Gmin = 5.1033e-012
vernier = 0.00196279
vernier = 0.000981397
vernier = 0.000490699
Gmin = 5.09517e-012
vernier = 0.000654265
vernier = 0.000872353
Gmin = 5.08622e-012
vernier = 0.00116314
vernier = 0.00155085
Gmin = 5.07207e-012
vernier = 0.0020678
vernier = 0.0010339
vernier = 0.000516949
Gmin = 5.06094e-012
vernier = 0.000689266
vernier = 0.000919021
Gmin = 5.05259e-012
vernier = 0.00122536
Gmin = 5.03906e-012
vernier = 0.00163381
vernier = 0.00217842
vernier = 0.00108921
vernier = 0.000544604
Gmin = 5.02519e-012
vernier = 0.000726139
Gmin = 5.01722e-012
vernier = 0.000968185
vernier = 0.00129091
Gmin = 5.00418e-012
vernier = 0.00172122
vernier = 0.00229496
Gmin = 4.98359e-012
vernier = 0.00114748
vernier = 0.000573739
vernier = 0.000764985
Gmin = 4.98002e-012
vernier = 0.00101998
vernier = 0.00135997
Gmin = 4.96786e-012
vernier = 0.0018133
vernier = 0.000906648
vernier = 0.000453324
Gmin = 4.9583e-012
vernier = 0.000604432
vernier = 0.000805909
Gmin = 4.95113e-012
vernier = 0.00107455
Gmin = 4.93951e-012
vernier = 0.00143273
vernier = 0.0019103
vernier = 0.000955151
vernier = 0.000477575
Gmin = 4.92758e-012
vernier = 0.000636767
Gmin = 4.92072e-012
vernier = 0.000849023
vernier = 0.00113203
Gmin = 4.90951e-012
vernier = 0.00150937
vernier = 0.0020125
Gmin = 4.89179e-012
vernier = 0.00100625
vernier = 0.000503124
vernier = 0.000670832
Gmin = 4.88871e-012
vernier = 0.000894442
vernier = 0.00119259
Gmin = 4.87825e-012
vernier = 0.00159012
Gmin = 4.86131e-012
vernier = 0.00212016
vernier = 0.00106008
vernier = 0.00053004
vernier = 0.000706719
Gmin = 4.85531e-012
vernier = 0.000942292
Gmin = 4.84531e-012
vernier = 0.00125639
vernier = 0.00167519
Gmin = 4.82898e-012
vernier = 0.00223358
vernier = 0.00111679
vernier = 0.000558395
Gmin = 4.82023e-012
vernier = 0.000744526
vernier = 0.000992701
Gmin = 4.81059e-012
vernier = 0.0013236
vernier = 0.0017648
Gmin = 4.79536e-012
vernier = 0.000882401
vernier = 0.0004412
vernier = 0.000588267
Gmin = 4.79272e-012
vernier = 0.000784356
vernier = 0.00104581
Gmin = 4.78372e-012
vernier = 0.00139441
Gmin = 4.76916e-012
vernier = 0.00185921
vernier = 0.000929606
vernier = 0.000464803
vernier = 0.000619737
Gmin = 4.76399e-012
vernier = 0.000826316
Gmin = 4.75538e-012
vernier = 0.00110175
vernier = 0.00146901
Gmin = 4.74133e-012
vernier = 0.00195867
vernier = 0.000979337
vernier = 0.000489669
Gmin = 4.73379e-012
vernier = 0.000652891
vernier = 0.000870521
Gmin = 4.72549e-012
vernier = 0.0011607
vernier = 0.00154759
Gmin = 4.71237e-012
vernier = 0.00206346
vernier = 0.00103173
vernier = 0.000515864
Gmin = 4.70205e-012
vernier = 0.000687819
vernier = 0.000917091
Gmin = 4.69431e-012
vernier = 0.00122279
Gmin = 4.68177e-012
vernier = 0.00163038
vernier = 0.00217384
vernier = 0.00108692
vernier = 0.000543461
Gmin = 4.66891e-012
vernier = 0.000724615
Gmin = 4.66152e-012
vernier = 0.000966153
vernier = 0.0012882
Gmin = 4.64943e-012
vernier = 0.0017176
vernier = 0.000858802
vernier = 0.000429401
Gmin = 4.64295e-012
vernier = 0.000572535
vernier = 0.000763379
Gmin = 4.63581e-012
vernier = 0.00101784
vernier = 0.00135712
Gmin = 4.62452e-012
vernier = 0.00180949
vernier = 0.000904745
vernier = 0.000452373
Gmin = 4.61564e-012
vernier = 0.000603163
vernier = 0.000804217
Gmin = 4.60897e-012
vernier = 0.00107229
Gmin = 4.59818e-012
vernier = 0.00142972
vernier = 0.00190629
vernier = 0.000953146
vernier = 0.000476573
Gmin = 4.5871e-012
vernier = 0.00063543
Gmin = 4.58073e-012
vernier = 0.00084724
vernier = 0.00112965
Gmin = 4.57031e-012
vernier = 0.0015062
vernier = 0.00200827
Gmin = 4.55385e-012
vernier = 0.00100414
vernier = 0.000502068
vernier = 0.000669424
Gmin = 4.55099e-012
vernier = 0.000892565
vernier = 0.00119009
Gmin = 4.54127e-012
vernier = 0.00158678
Gmin = 4.52554e-012
vernier = 0.00211571
vernier = 0.00105785
vernier = 0.000528927
vernier = 0.000705236
Gmin = 4.51996e-012
vernier = 0.000940314
Gmin = 4.51067e-012
vernier = 0.00125375
vernier = 0.00167167
vernier = 0.000835834
vernier = 0.000417917
Gmin = 4.50114e-012
vernier = 0.000557223
Gmin = 4.49566e-012
vernier = 0.000742963
vernier = 0.000990618
Gmin = 4.48669e-012
vernier = 0.00132082
vernier = 0.0017611
Gmin = 4.47252e-012
vernier = 0.000880549
vernier = 0.000440274
vernier = 0.000587032
Gmin = 4.47006e-012
vernier = 0.000782709
vernier = 0.00104361
Gmin = 4.46168e-012
vernier = 0.00139148
Gmin = 4.44812e-012
vernier = 0.00185531
vernier = 0.000927655
vernier = 0.000463827
vernier = 0.000618436
Gmin = 4.44331e-012
vernier = 0.000824582
Gmin = 4.43531e-012
vernier = 0.00109944
vernier = 0.00146592
Gmin = 4.42222e-012
vernier = 0.00195456
vernier = 0.000977281
vernier = 0.000488641
Gmin = 4.41521e-012
vernier = 0.000651521
vernier = 0.000868694
Gmin = 4.40748e-012
vernier = 0.00115826
vernier = 0.00154434
Gmin = 4.39527e-012
vernier = 0.00205913
vernier = 0.00102956
vernier = 0.000514781
Gmin = 4.38567e-012
vernier = 0.000686375
vernier = 0.000915166
Gmin = 4.37846e-012
vernier = 0.00122022
Gmin = 4.36679e-012
vernier = 0.00162696
vernier = 0.000813481
vernier = 0.00040674
vernier = 0.00054232
Gmin = 4.36265e-012
vernier = 0.000723094
Gmin = 4.35575e-012
vernier = 0.000964125
vernier = 0.0012855
Gmin = 4.34448e-012
vernier = 0.001714
vernier = 0.000856999
vernier = 0.0004285
Gmin = 4.33844e-012
vernier = 0.000571333
vernier = 0.000761777
Gmin = 4.33178e-012
vernier = 0.0010157
vernier = 0.00135427
Gmin = 4.32126e-012
vernier = 0.00180569
vernier = 0.000902846
vernier = 0.000451423
Gmin = 4.31297e-012
vernier = 0.000601897
vernier = 0.000802529
Gmin = 4.30676e-012
vernier = 0.00107004
Gmin = 4.29669e-012
vernier = 0.00142672
vernier = 0.00190229
vernier = 0.000951145
vernier = 0.000475572
Gmin = 4.28636e-012
vernier = 0.000634097
Gmin = 4.28042e-012
vernier = 0.000845462
vernier = 0.00112728
Gmin = 4.27071e-012
vernier = 0.00150304
vernier = 0.00200406
Gmin = 4.25536e-012
vernier = 0.00100203
vernier = 0.000501014
vernier = 0.000668019
Gmin = 4.25269e-012
vernier = 0.000890691
vernier = 0.00118759
Gmin = 4.24363e-012
vernier = 0.00158345
vernier = 0.000791725
vernier = 0.000593794
Gmin = 4.23608e-012
vernier = 0.000791725
vernier = 0.00105563
Gmin = 4.22805e-012
vernier = 0.00140751
Gmin = 4.21506e-012
vernier = 0.00187668
vernier = 0.00093834
vernier = 0.00046917
vernier = 0.00062556
Gmin = 4.21044e-012
vernier = 0.000834079
Gmin = 4.20277e-012
vernier = 0.00111211
vernier = 0.00148281
Gmin = 4.19023e-012
vernier = 0.00197708
vernier = 0.000988538
vernier = 0.000494269
Gmin = 4.1835e-012
vernier = 0.000659025
vernier = 0.0008787
Gmin = 4.1761e-012
vernier = 0.0011716
vernier = 0.00156213
Gmin = 4.1644e-012
vernier = 0.000781066
vernier = 0.0005858
vernier = 0.000781066
Gmin = 4.16054e-012
vernier = 0.00104142
vernier = 0.00138856
Gmin = 4.15017e-012
vernier = 0.00185141
vernier = 0.000925707
vernier = 0.000462854
Gmin = 4.14202e-012
vernier = 0.000617138
vernier = 0.00082285
Gmin = 4.1359e-012
vernier = 0.00109713
Gmin = 4.12598e-012
vernier = 0.00146284
vernier = 0.00195046
vernier = 0.000975229
vernier = 0.000487615
Gmin = 4.11581e-012
vernier = 0.000650153
Gmin = 4.10996e-012
vernier = 0.00086687
vernier = 0.00115583
Gmin = 4.1004e-012
vernier = 0.0015411
vernier = 0.000770551
vernier = 0.000577913
Gmin = 4.09448e-012
vernier = 0.000770551
vernier = 0.0010274
Gmin = 4.08601e-012
vernier = 0.00136987
vernier = 0.00182649
Gmin = 4.07263e-012
vernier = 0.000913245
vernier = 0.000456622
vernier = 0.00060883
Gmin = 4.0703e-012
vernier = 0.000811773
vernier = 0.00108236
Gmin = 4.0624e-012
vernier = 0.00144315
Gmin = 4.04959e-012
vernier = 0.0019242
vernier = 0.0009621
vernier = 0.00048105
vernier = 0.0006414
Gmin = 4.04505e-012
vernier = 0.0008552
Gmin = 4.03749e-012
vernier = 0.00114027
vernier = 0.00152035
vernier = 0.000760177
vernier = 0.000570133
Gmin = 4.02973e-012
vernier = 0.000760177
Gmin = 4.02304e-012
vernier = 0.00101357
vernier = 0.00135142
Gmin = 4.01209e-012
vernier = 0.0018019
vernier = 0.00090095
vernier = 0.000450475
Gmin = 4.00623e-012
vernier = 0.000600633
vernier = 0.000800844
Gmin = 3.99976e-012
vernier = 0.00106779
vernier = 0.00142372
Gmin = 3.98955e-012
vernier = 0.00189829
vernier = 0.000949147
vernier = 0.000474574
Gmin = 3.98151e-012
vernier = 0.000632765
vernier = 0.000843686
Gmin = 3.97548e-012
vernier = 0.00112491
Gmin = 3.96571e-012
vernier = 0.00149989
vernier = 0.000749943
vernier = 0.000562457
vernier = 0.000749943
Gmin = 3.96106e-012
vernier = 0.000999923
Gmin = 3.95241e-012
vernier = 0.00133323
vernier = 0.00177764
vernier = 0.00088882
vernier = 0.00044441
Gmin = 3.94353e-012
vernier = 0.000592547
Gmin = 3.93842e-012
vernier = 0.000790062
vernier = 0.00105342
Gmin = 3.93007e-012
vernier = 0.00140455
vernier = 0.00187274
Gmin = 3.91687e-012
vernier = 0.000936369
vernier = 0.000468185
vernier = 0.000624246
Gmin = 3.91458e-012
vernier = 0.000832328
vernier = 0.00110977
Gmin = 3.90678e-012
vernier = 0.00147969
vernier = 0.000739847
vernier = 0.000554885
Gmin = 3.90028e-012
vernier = 0.000739846
vernier = 0.000986462
Gmin = 3.89338e-012
vernier = 0.00131528
Gmin = 3.88219e-012
vernier = 0.00175371
vernier = 0.000876854
vernier = 0.000438427
vernier = 0.000584569
Gmin = 3.87822e-012
vernier = 0.000779426
Gmin = 3.87162e-012
vernier = 0.00103923
vernier = 0.00138564
Gmin = 3.86082e-012
vernier = 0.00184753
vernier = 0.000923763
vernier = 0.000461882
Gmin = 3.85503e-012
vernier = 0.000615842
vernier = 0.000821122
Gmin = 3.84866e-012
vernier = 0.00109483
vernier = 0.00145977
Gmin = 3.83857e-012
vernier = 0.00194636
vernier = 0.000973181
vernier = 0.000486591
Gmin = 3.83065e-012
vernier = 0.000648787
vernier = 0.00086505
Gmin = 3.8247e-012
vernier = 0.0011534
Gmin = 3.81506e-012
vernier = 0.00153787
vernier = 0.000768933
vernier = 0.000576699
vernier = 0.000768932
Gmin = 3.81048e-012
vernier = 0.00102524
Gmin = 3.80194e-012
vernier = 0.00136699
vernier = 0.00182265
vernier = 0.000911327
vernier = 0.000455663
Gmin = 3.79319e-012
vernier = 0.000607551
Gmin = 3.78815e-012
vernier = 0.000810068
vernier = 0.00108009
Gmin = 3.77991e-012
vernier = 0.00144012
vernier = 0.00192016
Gmin = 3.76689e-012
vernier = 0.000960079
vernier = 0.00048004
vernier = 0.000640053
Gmin = 3.76463e-012
vernier = 0.000853404
vernier = 0.00113787
Gmin = 3.75695e-012
vernier = 0.00151716
vernier = 0.000758581
vernier = 0.000568935
Gmin = 3.75054e-012
vernier = 0.00075858
vernier = 0.00101144
Gmin = 3.74373e-012
vernier = 0.00134859
Gmin = 3.7327e-012
vernier = 0.00179812
vernier = 0.000899058
vernier = 0.000449529
vernier = 0.000599372
Gmin = 3.72879e-012
vernier = 0.000799162
Gmin = 3.72228e-012
vernier = 0.00106555
vernier = 0.00142073
Gmin = 3.71164e-012
vernier = 0.00189431
vernier = 0.000947154
vernier = 0.000473577
Gmin = 3.70593e-012
vernier = 0.000631436
vernier = 0.000841914
Gmin = 3.69965e-012
vernier = 0.00112255
vernier = 0.00149674
Gmin = 3.68971e-012
vernier = 0.000748368
vernier = 0.000561276
vernier = 0.000748368
Gmin = 3.68643e-012
vernier = 0.000997823
vernier = 0.00133043
Gmin = 3.67763e-012
vernier = 0.00177391
vernier = 0.000886954
vernier = 0.000443477
Gmin = 3.67071e-012
vernier = 0.000591302
vernier = 0.000788403
Gmin = 3.66551e-012
vernier = 0.0010512
Gmin = 3.65709e-012
vernier = 0.0014016
vernier = 0.00186881
vernier = 0.000934403
vernier = 0.000467201
Gmin = 3.64846e-012
vernier = 0.000622935
Gmin = 3.64349e-012
vernier = 0.00083058
vernier = 0.00110744
Gmin = 3.63536e-012
vernier = 0.00147659
vernier = 0.000738293
vernier = 0.00055372
Gmin = 3.63034e-012
vernier = 0.000738293
vernier = 0.00098439
Gmin = 3.62314e-012
vernier = 0.00131252
vernier = 0.00175003
Gmin = 3.61177e-012
vernier = 0.000875013
vernier = 0.000437506
vernier = 0.000583342
Gmin = 3.60979e-012
vernier = 0.000777789
vernier = 0.00103705
Gmin = 3.60307e-012
vernier = 0.00138273
Gmin = 3.59219e-012
vernier = 0.00184365
vernier = 0.000921823
vernier = 0.000460911
vernier = 0.000614548
Gmin = 3.58833e-012
vernier = 0.000819398
Gmin = 3.58191e-012
vernier = 0.00109253
vernier = 0.00145671
vernier = 0.000728353
vernier = 0.000546265
Gmin = 3.57531e-012
vernier = 0.000728353
Gmin = 3.56962e-012
vernier = 0.000971137
vernier = 0.00129485
Gmin = 3.56032e-012
vernier = 0.00172647
vernier = 0.000863233
vernier = 0.000431616
Gmin = 3.55532e-012
vernier = 0.000575488
vernier = 0.000767317
Gmin = 3.54983e-012
vernier = 0.00102309
vernier = 0.00136412
Gmin = 3.54114e-012
vernier = 0.00181883
vernier = 0.000909413
vernier = 0.000454706
Gmin = 3.53431e-012
vernier = 0.000606275
vernier = 0.000808366
Gmin = 3.52918e-012
vernier = 0.00107782
Gmin = 3.52087e-012
vernier = 0.0014371
vernier = 0.000718548
vernier = 0.000538911
vernier = 0.000718547
Gmin = 3.51692e-012
vernier = 0.000958063
Gmin = 3.50955e-012
vernier = 0.00127742
vernier = 0.00170322
vernier = 0.000851611
vernier = 0.000425806
Gmin = 3.502e-012
vernier = 0.000567741
Gmin = 3.49765e-012
vernier = 0.000756987
vernier = 0.00100932
Gmin = 3.49054e-012
vernier = 0.00134575
vernier = 0.00179434
Gmin = 3.47931e-012
vernier = 0.000897169
vernier = 0.000448585
vernier = 0.000598113
Gmin = 3.47736e-012
vernier = 0.000797483
vernier = 0.00106331
Gmin = 3.47072e-012
vernier = 0.00141775
vernier = 0.000708874
vernier = 0.000531655
Gmin = 3.46519e-012
vernier = 0.000708874
vernier = 0.000945165
Gmin = 3.45931e-012
vernier = 0.00126022
Gmin = 3.44979e-012
vernier = 0.00168029
vernier = 0.000840146
vernier = 0.000420073
vernier = 0.000560097
Gmin = 3.44641e-012
vernier = 0.000746796
Gmin = 3.44079e-012
vernier = 0.000995728
vernier = 0.00132764
Gmin = 3.43159e-012
vernier = 0.00177018
vernier = 0.000885091
vernier = 0.000442545
Gmin = 3.42666e-012
vernier = 0.00059006
vernier = 0.000786747
Gmin = 3.42123e-012
vernier = 0.001049
vernier = 0.00139866
Gmin = 3.41264e-012
vernier = 0.00069933
vernier = 0.000524498
vernier = 0.00069933
Gmin = 3.40981e-012
vernier = 0.00093244
vernier = 0.00124325
Gmin = 3.4022e-012
vernier = 0.00165767
vernier = 0.000828835
vernier = 0.000414418
Gmin = 3.39622e-012
vernier = 0.000552557
vernier = 0.000736742
Gmin = 3.39172e-012
vernier = 0.000982322
Gmin = 3.38445e-012
vernier = 0.00130976
vernier = 0.00174635
vernier = 0.000873175
vernier = 0.000436588
Gmin = 3.37697e-012
vernier = 0.000582117
Gmin = 3.37268e-012
vernier = 0.000776155
vernier = 0.00103487
Gmin = 3.36565e-012
vernier = 0.00137983
vernier = 0.000689915
vernier = 0.000517437
Gmin = 3.3613e-012
vernier = 0.000689915
vernier = 0.000919887
Gmin = 3.35507e-012
vernier = 0.00122652
vernier = 0.00163535
Gmin = 3.34523e-012
vernier = 0.000817677
vernier = 0.000408838
vernier = 0.000545118
Gmin = 3.34352e-012
vernier = 0.000726823
vernier = 0.000969098
Gmin = 3.3377e-012
vernier = 0.00129213
Gmin = 3.32829e-012
vernier = 0.00172284
vernier = 0.00086142
vernier = 0.00043071
vernier = 0.00057428
Gmin = 3.32494e-012
vernier = 0.000765706
Gmin = 3.31938e-012
vernier = 0.00102094
vernier = 0.00136125
vernier = 0.000680627
vernier = 0.00051047
Gmin = 3.31367e-012
vernier = 0.000680627
Gmin = 3.30874e-012
vernier = 0.000907502
vernier = 0.00121
Gmin = 3.30068e-012
vernier = 0.00161334
vernier = 0.000806668
vernier = 0.000403334
Gmin = 3.29635e-012
vernier = 0.000537779
vernier = 0.000717038
Gmin = 3.29159e-012
vernier = 0.000956051
vernier = 0.00127473
Gmin = 3.28406e-012
vernier = 0.00169964
vernier = 0.000849822
vernier = 0.000424911
Gmin = 3.27814e-012
vernier = 0.000566548
vernier = 0.000755397
Gmin = 3.27369e-012
vernier = 0.0010072
Gmin = 3.26649e-012
vernier = 0.00134293
vernier = 0.000671464
vernier = 0.000503598
vernier = 0.000671464
Gmin = 3.26306e-012
vernier = 0.000895285
Gmin = 3.25668e-012
vernier = 0.00119371
vernier = 0.00159162
vernier = 0.000795808
vernier = 0.000596856
Gmin = 3.25013e-012
vernier = 0.000795808
Gmin = 3.24447e-012
vernier = 0.00106108
vernier = 0.00141477
vernier = 0.000707385
vernier = 0.000530539
Gmin = 3.23867e-012
vernier = 0.000707385
Gmin = 3.23366e-012
vernier = 0.000943179
vernier = 0.00125757
Gmin = 3.22548e-012
vernier = 0.00167676
vernier = 0.000838381
vernier = 0.000419191
Gmin = 3.22109e-012
vernier = 0.000558921
vernier = 0.000745227
Gmin = 3.21625e-012
vernier = 0.000993636
vernier = 0.00132485
Gmin = 3.20861e-012
vernier = 0.000662424
vernier = 0.000496818
Gmin = 3.20317e-012
vernier = 0.000662424
vernier = 0.000883231
Gmin = 3.19778e-012
vernier = 0.00117764
Gmin = 3.18932e-012
vernier = 0.00157019
vernier = 0.000785094
vernier = 0.000588821
vernier = 0.000785094
Gmin = 3.18572e-012
vernier = 0.00104679
Gmin = 3.17823e-012
vernier = 0.00139572
vernier = 0.000697861
vernier = 0.000523396
vernier = 0.000697861
Gmin = 3.17504e-012
vernier = 0.000930481
Gmin = 3.1684e-012
vernier = 0.00124064
vernier = 0.00165419
vernier = 0.000827094
vernier = 0.000413547
Gmin = 3.16218e-012
vernier = 0.000551396
Gmin = 3.15826e-012
vernier = 0.000735194
vernier = 0.000980258
Gmin = 3.15169e-012
vernier = 0.00130701
vernier = 0.00174268
vernier = 0.00087134
Gmin = 3.14398e-012
vernier = 0.00043567
vernier = 0.000580893
Gmin = 3.14044e-012
vernier = 0.000774524
vernier = 0.0010327
Gmin = 3.13427e-012
vernier = 0.00137693
vernier = 0.000688466
vernier = 0.000516349
Gmin = 3.12982e-012
vernier = 0.000688466
vernier = 0.000917954
Gmin = 3.12435e-012
vernier = 0.00122394
Gmin = 3.11576e-012
vernier = 0.00163192
vernier = 0.000815959
vernier = 0.000407979
vernier = 0.000543972
Gmin = 3.11332e-012
vernier = 0.000725296
Gmin = 3.10825e-012
vernier = 0.000967061
vernier = 0.00128941
Gmin = 3.09974e-012
vernier = 0.00171922
vernier = 0.00085961
vernier = 0.000429805
Gmin = 3.09608e-012
vernier = 0.000573073
vernier = 0.000764097
Gmin = 3.09106e-012
vernier = 0.0010188
vernier = 0.00135839
vernier = 0.000679197
Gmin = 3.08516e-012
vernier = 0.000509398
vernier = 0.000679197
Gmin = 3.0811e-012
vernier = 0.000905596
vernier = 0.00120746
Gmin = 3.07402e-012
vernier = 0.00160995
vernier = 0.000804973
vernier = 0.000402487
Gmin = 3.06939e-012
vernier = 0.000536649
vernier = 0.000715532
Gmin = 3.0652e-012
vernier = 0.000954042
Gmin = 3.05863e-012
vernier = 0.00127206
vernier = 0.00169607
vernier = 0.000848037
vernier = 0.000424018
Gmin = 3.05248e-012
vernier = 0.000565358
Gmin = 3.0486e-012
vernier = 0.00075381
vernier = 0.00100508
Gmin = 3.04209e-012
vernier = 0.00134011
vernier = 0.000670053
vernier = 0.00050254
Gmin = 3.03866e-012
vernier = 0.000670053
vernier = 0.000893404
Gmin = 3.03289e-012
vernier = 0.0011912
vernier = 0.00158827
vernier = 0.000794136
Gmin = 3.02613e-012
vernier = 0.000595602
vernier = 0.000794136
Gmin = 3.02147e-012
vernier = 0.00105885
vernier = 0.0014118
vernier = 0.000705898
Gmin = 3.01548e-012
vernier = 0.000529424
vernier = 0.000705898
Gmin = 3.01136e-012
vernier = 0.000941197
vernier = 0.00125493
Gmin = 3.00417e-012
vernier = 0.00167324
vernier = 0.000836619
vernier = 0.00041831
Gmin = 2.99946e-012
vernier = 0.000557746
vernier = 0.000743661
Gmin = 2.99521e-012
vernier = 0.000991548
Gmin = 2.98854e-012
vernier = 0.00132206
vernier = 0.000661032
vernier = 0.000495774
vernier = 0.000661032
Gmin = 2.9857e-012
vernier = 0.000881376
Gmin = 2.97978e-012
vernier = 0.00117517
vernier = 0.00156689
vernier = 0.000783445
vernier = 0.000587583
Gmin = 2.9741e-012
vernier = 0.000783444
Gmin = 2.96886e-012
vernier = 0.00104459
vernier = 0.00139279
vernier = 0.000696395
vernier = 0.000522296
Gmin = 2.96383e-012
vernier = 0.000696394
Gmin = 2.95919e-012
vernier = 0.000928526
vernier = 0.00123803
Gmin = 2.95141e-012
vernier = 0.00165071
vernier = 0.000825356
vernier = 0.000412678
Gmin = 2.94807e-012
vernier = 0.000550237
vernier = 0.000733649
Gmin = 2.94347e-012
vernier = 0.000978199
vernier = 0.00130426
vernier = 0.000652132
Gmin = 2.93808e-012
vernier = 0.000489099
vernier = 0.000652132
Gmin = 2.93437e-012
vernier = 0.000869509
vernier = 0.00115935
Gmin = 2.92789e-012
vernier = 0.00154579
vernier = 0.000772897
vernier = 0.000579673
Gmin = 2.92323e-012
vernier = 0.000772897
vernier = 0.00103053
Gmin = 2.9175e-012
vernier = 0.00137404
vernier = 0.000687019
vernier = 0.000515264
Gmin = 2.91336e-012
vernier = 0.000687019
vernier = 0.000916025
Gmin = 2.90828e-012
vernier = 0.00122137
Gmin = 2.9003e-012
vernier = 0.00162849
vernier = 0.000814244
vernier = 0.000407122
vernier = 0.000542829
Gmin = 2.89804e-012
vernier = 0.000723772
Gmin = 2.89332e-012
vernier = 0.000965029
vernier = 0.0012867
vernier = 0.000643352
vernier = 0.000482514
Gmin = 2.88879e-012
vernier = 0.000643352
Gmin = 2.88461e-012
vernier = 0.000857803
vernier = 0.00114374
Gmin = 2.87761e-012
vernier = 0.00152498
vernier = 0.000762491
vernier = 0.000571868
Gmin = 2.87391e-012
vernier = 0.000762491
vernier = 0.00101665
Gmin = 2.86771e-012
vernier = 0.00135554
vernier = 0.000677769
vernier = 0.000508327
Gmin = 2.86443e-012
vernier = 0.000677769
vernier = 0.000903692
Gmin = 2.85894e-012
vernier = 0.00120492
vernier = 0.00160656
vernier = 0.000803281
Gmin = 2.85249e-012
vernier = 0.000401641
vernier = 0.000535521
Gmin = 2.84953e-012
vernier = 0.000714027
vernier = 0.000952036
Gmin = 2.84436e-012
vernier = 0.00126938
vernier = 0.000634691
vernier = 0.000476018
Gmin = 2.84064e-012
vernier = 0.000634691
vernier = 0.000846254
Gmin = 2.83606e-012
vernier = 0.00112834
Gmin = 2.82887e-012
vernier = 0.00150445
vernier = 0.000752225
vernier = 0.000564169
vernier = 0.000752225
Gmin = 2.82582e-012
vernier = 0.00100297
Gmin = 2.81945e-012
vernier = 0.00133729
vernier = 0.000668644
vernier = 0.000501483
vernier = 0.000668644
Gmin = 2.81674e-012
vernier = 0.000891525
Gmin = 2.8111e-012
vernier = 0.0011887
vernier = 0.00158493
vernier = 0.000792466
vernier = 0.00059435
Gmin = 2.80567e-012
vernier = 0.000792466
Gmin = 2.80067e-012
vernier = 0.00105662
vernier = 0.00140883
vernier = 0.000704414
vernier = 0.000528311
Gmin = 2.79587e-012
vernier = 0.000704414
Gmin = 2.79144e-012
vernier = 0.000939218
vernier = 0.00125229
vernier = 0.000626145
vernier = 0.000469609
Gmin = 2.78719e-012
vernier = 0.000626145
Gmin = 2.78326e-012
vernier = 0.00083486
vernier = 0.00111315
Gmin = 2.77669e-012
vernier = 0.0014842
vernier = 0.000742098
vernier = 0.000556573
Gmin = 2.77321e-012
vernier = 0.000742097
vernier = 0.000989463
Gmin = 2.76739e-012
vernier = 0.00131928
vernier = 0.000659642
vernier = 0.000494731
Gmin = 2.76431e-012
vernier = 0.000659642
vernier = 0.000879522
Gmin = 2.75915e-012
vernier = 0.0011727
vernier = 0.00156359
vernier = 0.000781797
Gmin = 2.75309e-012
vernier = 0.000586348
vernier = 0.000781797
Gmin = 2.74892e-012
vernier = 0.0010424
vernier = 0.00138986
vernier = 0.00069493
Gmin = 2.74356e-012
vernier = 0.000521197
vernier = 0.00069493
Gmin = 2.73986e-012
vernier = 0.000926573
vernier = 0.00123543
vernier = 0.000617715
Gmin = 2.73511e-012
vernier = 0.000463286
vernier = 0.000617715
Gmin = 2.73184e-012
vernier = 0.00082362
vernier = 0.00109816
Gmin = 2.72613e-012
vernier = 0.00146421
vernier = 0.000732106
vernier = 0.00054908
Gmin = 2.72201e-012
vernier = 0.000732106
vernier = 0.000976141
Gmin = 2.71695e-012
vernier = 0.00130152
vernier = 0.00065076
vernier = 0.00048807
Gmin = 2.71331e-012
vernier = 0.00065076
vernier = 0.00086768
Gmin = 2.70883e-012
vernier = 0.00115691
Gmin = 2.70178e-012
vernier = 0.00154254
vernier = 0.000771271
vernier = 0.000578453
vernier = 0.000771271
Gmin = 2.69879e-012
vernier = 0.00102836
Gmin = 2.69255e-012
vernier = 0.00137115
vernier = 0.000685574
vernier = 0.00051418
vernier = 0.000685573
Gmin = 2.6899e-012
vernier = 0.000914098
Gmin = 2.68438e-012
vernier = 0.0012188
vernier = 0.000609398
vernier = 0.000457049
vernier = 0.000609398
Gmin = 2.68203e-012
vernier = 0.000812531
Gmin = 2.67713e-012
vernier = 0.00108337
vernier = 0.0014445
vernier = 0.000722249
vernier = 0.000541687
Gmin = 2.67242e-012
vernier = 0.000722249
Gmin = 2.66808e-012
vernier = 0.000962998
vernier = 0.001284
vernier = 0.000641999
vernier = 0.000481499
Gmin = 2.66391e-012
vernier = 0.000641999
Gmin = 2.66006e-012
vernier = 0.000855998
vernier = 0.00114133
Gmin = 2.65362e-012
vernier = 0.00152177
vernier = 0.000760887
vernier = 0.000570665
Gmin = 2.65022e-012
vernier = 0.000760886
vernier = 0.00101451
Gmin = 2.64451e-012
vernier = 0.00135269
vernier = 0.000676343
vernier = 0.000507257
Gmin = 2.64149e-012
vernier = 0.000676343
vernier = 0.00090179
Gmin = 2.63644e-012
vernier = 0.00120239
vernier = 0.00160318
vernier = 0.000801591
Gmin = 2.6305e-012
vernier = 0.000400796
vernier = 0.000534394
Gmin = 2.62778e-012
vernier = 0.000712525
vernier = 0.000950033
Gmin = 2.62302e-012
vernier = 0.00126671
vernier = 0.000633355
vernier = 0.000475016
Gmin = 2.6196e-012
vernier = 0.000633355
vernier = 0.000844473
Gmin = 2.61539e-012
vernier = 0.00112596
Gmin = 2.60877e-012
vernier = 0.00150129
vernier = 0.000750643
vernier = 0.000562982
vernier = 0.000750642
Gmin = 2.60596e-012
vernier = 0.00100086
Gmin = 2.6001e-012
vernier = 0.00133447
vernier = 0.000667237
vernier = 0.000500428
vernier = 0.000667237
Gmin = 2.5976e-012
vernier = 0.000889649
Gmin = 2.59241e-012
vernier = 0.0011862
vernier = 0.0015816
vernier = 0.000790799
vernier = 0.000593099
Gmin = 2.58742e-012
vernier = 0.000790799
Gmin = 2.58282e-012
vernier = 0.0010544
vernier = 0.00140586
vernier = 0.000702932
vernier = 0.000527199
Gmin = 2.5784e-012
vernier = 0.000702932
Gmin = 2.57432e-012
vernier = 0.000937242
vernier = 0.00124966
vernier = 0.000624828
vernier = 0.000468621
Gmin = 2.57041e-012
vernier = 0.000624828
Gmin = 2.5668e-012
vernier = 0.000833103
vernier = 0.0011108
Gmin = 2.56074e-012
vernier = 0.00148107
vernier = 0.000740536
vernier = 0.000555402
Gmin = 2.55755e-012
vernier = 0.000740536
vernier = 0.000987381
Gmin = 2.55219e-012
vernier = 0.00131651
vernier = 0.000658254
vernier = 0.00049369
Gmin = 2.54935e-012
vernier = 0.000658254
vernier = 0.000877671
Gmin = 2.5446e-012
vernier = 0.00117023
vernier = 0.0015603
vernier = 0.000780152
Gmin = 2.53903e-012
vernier = 0.000585114
vernier = 0.000780152
Gmin = 2.53519e-012
vernier = 0.0010402
vernier = 0.00138694
vernier = 0.000693468
Gmin = 2.53025e-012
vernier = 0.000520101
vernier = 0.000693468
Gmin = 2.52686e-012
vernier = 0.000924623
vernier = 0.00123283
vernier = 0.000616415
Gmin = 2.52248e-012
vernier = 0.000462311
vernier = 0.000616415
Gmin = 2.51947e-012
vernier = 0.000821887
vernier = 0.00109585
Gmin = 2.51421e-012
vernier = 0.00146113
vernier = 0.000730566
vernier = 0.000547924
Gmin = 2.51043e-012
vernier = 0.000730565
vernier = 0.000974087
Gmin = 2.50577e-012
vernier = 0.00129878
vernier = 0.000649391
vernier = 0.000487043
Gmin = 2.50242e-012
vernier = 0.000649391
vernier = 0.000865854
Gmin = 2.49829e-012
vernier = 0.00115447
Gmin = 2.49181e-012
vernier = 0.0015393
vernier = 0.000769648
vernier = 0.000577236
vernier = 0.000769648
Gmin = 2.48905e-012
vernier = 0.0010262
Gmin = 2.48332e-012
vernier = 0.00136826
vernier = 0.000684131
vernier = 0.000513098
vernier = 0.000684131
Gmin = 2.48087e-012
vernier = 0.000912174
Gmin = 2.47579e-012
vernier = 0.00121623
vernier = 0.000608116
vernier = 0.000456087
vernier = 0.000608116
Gmin = 2.47363e-012
vernier = 0.000810821
Gmin = 2.46912e-012
vernier = 0.00108109
vernier = 0.00144146
vernier = 0.000720729
vernier = 0.000540547
Gmin = 2.46478e-012
vernier = 0.000720729
Gmin = 2.46079e-012
vernier = 0.000960972
vernier = 0.0012813
vernier = 0.000640648
vernier = 0.000480486
Gmin = 2.45695e-012
vernier = 0.000640648
Gmin = 2.45341e-012
vernier = 0.000854197
vernier = 0.00113893
Gmin = 2.44748e-012
vernier = 0.00151857
vernier = 0.000759286
vernier = 0.000569464
Gmin = 2.44435e-012
vernier = 0.000759285
vernier = 0.00101238
Gmin = 2.4391e-012
vernier = 0.00134984
vernier = 0.00067492
vernier = 0.00050619
Gmin = 2.43632e-012
vernier = 0.00067492
vernier = 0.000899893
Gmin = 2.43167e-012
vernier = 0.00119986
vernier = 0.000599928
vernier = 0.000449946
Gmin = 2.42921e-012
vernier = 0.000599928
vernier = 0.000799904
Gmin = 2.42508e-012
vernier = 0.00106654
vernier = 0.00142205
vernier = 0.000711026
Gmin = 2.42024e-012
vernier = 0.000533269
vernier = 0.000711025
Gmin = 2.4169e-012
vernier = 0.000948034
vernier = 0.00126404
vernier = 0.000632022
Gmin = 2.41261e-012
vernier = 0.000474017
vernier = 0.000632022
Gmin = 2.40966e-012
vernier = 0.000842696
vernier = 0.00112359
Gmin = 2.40451e-012
vernier = 0.00149813
vernier = 0.000749063
vernier = 0.000561797
Gmin = 2.40079e-012
vernier = 0.000749062
vernier = 0.00099875
Gmin = 2.39623e-012
vernier = 0.00133167
vernier = 0.000665833
vernier = 0.000499375
Gmin = 2.39294e-012
vernier = 0.000665833
vernier = 0.000887777
Gmin = 2.38889e-012
vernier = 0.0011837
vernier = 0.000591851
vernier = 0.000443888
Gmin = 2.38598e-012
vernier = 0.000591851
vernier = 0.000789134
Gmin = 2.38239e-012
vernier = 0.00105218
Gmin = 2.37676e-012
vernier = 0.0014029
vernier = 0.000701452
vernier = 0.000526089
vernier = 0.000701452
Gmin = 2.37437e-012
vernier = 0.000935269
Gmin = 2.36938e-012
vernier = 0.00124703
vernier = 0.000623513
vernier = 0.000467635
vernier = 0.000623513
Gmin = 2.36725e-012
vernier = 0.00083135
Gmin = 2.36283e-012
vernier = 0.00110847
vernier = 0.00147795
vernier = 0.000738977
vernier = 0.000554233
Gmin = 2.35858e-012
vernier = 0.000738977
Gmin = 2.35466e-012
vernier = 0.000985303
vernier = 0.00131374
vernier = 0.000656868
vernier = 0.000492651
Gmin = 2.35089e-012
vernier = 0.000656868
Gmin = 2.34742e-012
vernier = 0.000875824
vernier = 0.00116777
vernier = 0.000583883
vernier = 0.000437912
Gmin = 2.34408e-012
vernier = 0.000583882
Gmin = 2.34101e-012
vernier = 0.00077851
vernier = 0.00103801
Gmin = 2.33585e-012
vernier = 0.00138402
vernier = 0.000692008
vernier = 0.000519006
Gmin = 2.33312e-012
vernier = 0.000692008
vernier = 0.000922677
Gmin = 2.32855e-012
vernier = 0.00123024
vernier = 0.000615118
vernier = 0.000461338
Gmin = 2.32614e-012
vernier = 0.000615118
vernier = 0.000820157
Gmin = 2.32209e-012
vernier = 0.00109354
vernier = 0.00145806
vernier = 0.000729028
Gmin = 2.31733e-012
vernier = 0.000546771
vernier = 0.000729028
Gmin = 2.31406e-012
vernier = 0.000972037
vernier = 0.00129605
vernier = 0.000648024
Gmin = 2.30985e-012
vernier = 0.000486018
vernier = 0.000648024
Gmin = 2.30695e-012
vernier = 0.000864032
vernier = 0.00115204
vernier = 0.000576021
Gmin = 2.30322e-012
vernier = 0.000432016
vernier = 0.000576021
Gmin = 2.30065e-012
vernier = 0.000768028
vernier = 0.00102404
Gmin = 2.29616e-012
vernier = 0.00136538
vernier = 0.000682691
vernier = 0.000512018
Gmin = 2.29293e-012
vernier = 0.000682691
vernier = 0.000910254
Gmin = 2.28896e-012
vernier = 0.00121367
vernier = 0.000606836
vernier = 0.000455127
Gmin = 2.28609e-012
vernier = 0.000606836
vernier = 0.000809114
Gmin = 2.28257e-012
vernier = 0.00107882
Gmin = 2.27704e-012
vernier = 0.00143842
vernier = 0.000719212
vernier = 0.000539409
vernier = 0.000719212
Gmin = 2.27468e-012
vernier = 0.000958949
Gmin = 2.26978e-012
vernier = 0.0012786
vernier = 0.000639299
vernier = 0.000479475
vernier = 0.000639299
Gmin = 2.2677e-012
vernier = 0.000852399
Gmin = 2.26335e-012
vernier = 0.00113653
vernier = 0.000568266
vernier = 0.000426199
vernier = 0.000568266
Gmin = 2.2615e-012
vernier = 0.000757687
Gmin = 2.25765e-012
vernier = 0.00101025
vernier = 0.001347
vernier = 0.0006735
vernier = 0.000505125
Gmin = 2.25395e-012
vernier = 0.000673499
Gmin = 2.25054e-012
vernier = 0.000897999
vernier = 0.00119733
vernier = 0.000598666
vernier = 0.000448999
Gmin = 2.24726e-012
vernier = 0.000598666
Gmin = 2.24423e-012
vernier = 0.000798221
vernier = 0.00106429
Gmin = 2.23916e-012
vernier = 0.00141906
vernier = 0.000709529
vernier = 0.000532147
Gmin = 2.23648e-012
vernier = 0.000709529
vernier = 0.000946038
Gmin = 2.23199e-012
vernier = 0.00126138
vernier = 0.000630692
vernier = 0.000473019
Gmin = 2.22962e-012
vernier = 0.000630692
vernier = 0.000840922
Gmin = 2.22564e-012
vernier = 0.00112123
vernier = 0.00149497
vernier = 0.000747486
Gmin = 2.22096e-012
vernier = 0.000560615
vernier = 0.000747486
Gmin = 2.21775e-012
vernier = 0.000996648
vernier = 0.00132886
vernier = 0.000664432
Gmin = 2.21361e-012
vernier = 0.000498324
vernier = 0.000664431
Gmin = 2.21076e-012
vernier = 0.000885908
vernier = 0.00118121
vernier = 0.000590605
Gmin = 2.20709e-012
vernier = 0.000442954
vernier = 0.000590605
Gmin = 2.20457e-012
vernier = 0.000787474
vernier = 0.00104996
Gmin = 2.20016e-012
vernier = 0.00139995
vernier = 0.000699976
vernier = 0.000524982
Gmin = 2.19699e-012
vernier = 0.000699976
vernier = 0.000933301
Gmin = 2.19308e-012
vernier = 0.0012444
vernier = 0.000622201
vernier = 0.00046665
Gmin = 2.19027e-012
vernier = 0.0006222
vernier = 0.0008296
Gmin = 2.18681e-012
vernier = 0.00110613
Gmin = 2.18137e-012
vernier = 0.00147484
vernier = 0.000737422
vernier = 0.000553067
vernier = 0.000737422
Gmin = 2.17906e-012
vernier = 0.000983229
Gmin = 2.17425e-012
vernier = 0.00131097
vernier = 0.000655486
vernier = 0.000491614
vernier = 0.000655486
Gmin = 2.1722e-012
vernier = 0.000873981
Gmin = 2.16793e-012
vernier = 0.00116531
vernier = 0.000582654
vernier = 0.00043699
vernier = 0.000582654
Gmin = 2.16612e-012
vernier = 0.000776871
Gmin = 2.16234e-012
vernier = 0.00103583
vernier = 0.0013811
vernier = 0.000690552
vernier = 0.000517914
Gmin = 2.1587e-012
vernier = 0.000690552
Gmin = 2.15535e-012
vernier = 0.000920735
vernier = 0.00122765
vernier = 0.000613823
vernier = 0.000460368
Gmin = 2.15213e-012
vernier = 0.000613823
Gmin = 2.14916e-012
vernier = 0.000818431
vernier = 0.00109124
Gmin = 2.14418e-012
vernier = 0.00145499
vernier = 0.000727494
vernier = 0.00054562
Gmin = 2.14155e-012
vernier = 0.000727493
vernier = 0.000969991
Gmin = 2.13714e-012
vernier = 0.00129332
vernier = 0.000646661
vernier = 0.000484995
Gmin = 2.13481e-012
vernier = 0.00064666
vernier = 0.000862214
Gmin = 2.1309e-012
vernier = 0.00114962
vernier = 0.000574809
vernier = 0.000431107
Gmin = 2.12884e-012
vernier = 0.000574809
vernier = 0.000766411
Gmin = 2.12537e-012
vernier = 0.00102188
vernier = 0.00136251
vernier = 0.000681254
Gmin = 2.1213e-012
vernier = 0.000510941
vernier = 0.000681254
Gmin = 2.11851e-012
vernier = 0.000908339
vernier = 0.00121112
vernier = 0.000605559
Gmin = 2.1149e-012
vernier = 0.000454169
vernier = 0.000605559
Gmin = 2.11242e-012
vernier = 0.000807412
vernier = 0.00107655
Gmin = 2.10809e-012
vernier = 0.0014354
vernier = 0.000717699
vernier = 0.000538274
Gmin = 2.10497e-012
vernier = 0.000717699
vernier = 0.000956931
Gmin = 2.10114e-012
vernier = 0.00127591
vernier = 0.000637954
vernier = 0.000478465
Gmin = 2.09838e-012
vernier = 0.000637954
vernier = 0.000850605
Gmin = 2.09498e-012
vernier = 0.00113414
vernier = 0.00056707
vernier = 0.000425302
Gmin = 2.09253e-012
vernier = 0.00056707
vernier = 0.000756093
Gmin = 2.08951e-012
vernier = 0.00100812
Gmin = 2.08478e-012
vernier = 0.00134416
vernier = 0.000672082
vernier = 0.000504062
vernier = 0.000672082
Gmin = 2.08277e-012
vernier = 0.000896109
Gmin = 2.07857e-012
vernier = 0.00119481
vernier = 0.000597406
vernier = 0.000448054
vernier = 0.000597406
Gmin = 2.07679e-012
vernier = 0.000796541
Gmin = 2.07307e-012
vernier = 0.00106205
vernier = 0.00141607
vernier = 0.000708036
vernier = 0.000531027
Gmin = 2.0695e-012
vernier = 0.000708036
Gmin = 2.0662e-012
vernier = 0.000944047
vernier = 0.00125873
vernier = 0.000629365
vernier = 0.000472024
Gmin = 2.06304e-012
vernier = 0.000629365
Gmin = 2.06012e-012
vernier = 0.000839152
vernier = 0.00111887
vernier = 0.000559435
vernier = 0.000419576
Gmin = 2.05731e-012
vernier = 0.000559435
Gmin = 2.05472e-012
vernier = 0.000745913
vernier = 0.00099455
Gmin = 2.05038e-012
vernier = 0.00132607
vernier = 0.000663033
vernier = 0.000497275
Gmin = 2.04809e-012
vernier = 0.000663033
vernier = 0.000884044
Gmin = 2.04425e-012
vernier = 0.00117872
vernier = 0.000589362
vernier = 0.000442022
Gmin = 2.04222e-012
vernier = 0.000589362
vernier = 0.000785816
Gmin = 2.03881e-012
vernier = 0.00104775
vernier = 0.00139701
vernier = 0.000698503
Gmin = 2.03481e-012
vernier = 0.000523877
vernier = 0.000698503
Gmin = 2.03206e-012
vernier = 0.000931337
vernier = 0.00124178
vernier = 0.000620891
Gmin = 2.02851e-012
vernier = 0.000465668
vernier = 0.000620891
Gmin = 2.02607e-012
vernier = 0.000827854
vernier = 0.00110381
vernier = 0.000551903
Gmin = 2.02293e-012
vernier = 0.000413927
vernier = 0.000551903
Gmin = 2.02077e-012
vernier = 0.00073587
vernier = 0.00098116
Gmin = 2.01699e-012
vernier = 0.00130821
vernier = 0.000654106
vernier = 0.00049058
Gmin = 2.01427e-012
vernier = 0.000654106
vernier = 0.000872141
Gmin = 2.01093e-012
vernier = 0.00116285
vernier = 0.000581427
vernier = 0.000436071
Gmin = 2.00852e-012
vernier = 0.000581427
vernier = 0.000775236
Gmin = 2.00555e-012
vernier = 0.00103365
Gmin = 2.00089e-012
vernier = 0.0013782
vernier = 0.000689098
vernier = 0.000516824
vernier = 0.000689098
Gmin = 1.99891e-012
vernier = 0.000918797
Gmin = 1.99479e-012
vernier = 0.00122506
vernier = 0.000612531
vernier = 0.000459399
vernier = 0.000612531
Gmin = 1.99303e-012
vernier = 0.000816708
Gmin = 1.98937e-012
vernier = 0.00108894
vernier = 0.000544472
vernier = 0.000408354
vernier = 0.000544472
Gmin = 1.98781e-012
vernier = 0.000725962
Gmin = 1.98457e-012
vernier = 0.000967949
vernier = 0.0012906
vernier = 0.0006453
vernier = 0.000483975
Gmin = 1.98145e-012
vernier = 0.000645299
Gmin = 1.97858e-012
vernier = 0.000860399
vernier = 0.0011472
vernier = 0.000573599
vernier = 0.000430199
Gmin = 1.97581e-012
vernier = 0.000573599
Gmin = 1.97327e-012
vernier = 0.000764798
vernier = 0.00101973
Gmin = 1.96899e-012
vernier = 0.00135964
vernier = 0.000679821
vernier = 0.000509865
Gmin = 1.96674e-012
vernier = 0.00067982
vernier = 0.000906427
Gmin = 1.96295e-012
vernier = 0.00120857
vernier = 0.000604284
vernier = 0.000453213
Gmin = 1.96095e-012
vernier = 0.000604284
vernier = 0.000805712
Gmin = 1.9576e-012
vernier = 0.00107428
vernier = 0.000537141
vernier = 0.000402856
Gmin = 1.95582e-012
vernier = 0.000537141
vernier = 0.000716188
Gmin = 1.95285e-012
vernier = 0.000954917
vernier = 0.00127322
vernier = 0.000636611
Gmin = 1.94936e-012
vernier = 0.000477458
vernier = 0.000636611
Gmin = 1.94695e-012
vernier = 0.000848815
vernier = 0.00113175
vernier = 0.000565876
Gmin = 1.94386e-012
vernier = 0.000424407
vernier = 0.000565876
Gmin = 1.94173e-012
vernier = 0.000754501
vernier = 0.001006
Gmin = 1.93801e-012
vernier = 0.00134134
vernier = 0.000670668
vernier = 0.000503001
Gmin = 1.93533e-012
vernier = 0.000670667
vernier = 0.000894223
Gmin = 1.93203e-012
vernier = 0.0011923
vernier = 0.000596148
vernier = 0.000447111
Gmin = 1.92966e-012
vernier = 0.000596148
vernier = 0.000794864
Gmin = 1.92674e-012
vernier = 0.00105982
Gmin = 1.92215e-012
vernier = 0.00141309
vernier = 0.000706546
vernier = 0.000529909
vernier = 0.000706545
Gmin = 1.9202e-012
vernier = 0.00094206
Gmin = 1.91613e-012
vernier = 0.00125608
vernier = 0.00062804
vernier = 0.00047103
vernier = 0.00062804
Gmin = 1.91441e-012
vernier = 0.000837386
Gmin = 1.9108e-012
vernier = 0.00111651
vernier = 0.000558257
vernier = 0.000418693
vernier = 0.000558257
Gmin = 1.90927e-012
vernier = 0.000744343
Gmin = 1.90608e-012
vernier = 0.000992457
vernier = 0.00132328
vernier = 0.000661638
vernier = 0.000496228
Gmin = 1.903e-012
vernier = 0.000661638
Gmin = 1.90017e-012
vernier = 0.000882183
vernier = 0.00117624
vernier = 0.000588122
vernier = 0.000441092
Gmin = 1.89745e-012
vernier = 0.000588122
Gmin = 1.89494e-012
vernier = 0.000784162
vernier = 0.00104555
Gmin = 1.89074e-012
vernier = 0.00139407
vernier = 0.000697033
vernier = 0.000522775
Gmin = 1.88851e-012
vernier = 0.000697033
vernier = 0.000929377
Gmin = 1.88479e-012
vernier = 0.00123917
vernier = 0.000619584
vernier = 0.000464688
Gmin = 1.88282e-012
vernier = 0.000619584
vernier = 0.000826112
Gmin = 1.87952e-012
vernier = 0.00110148
vernier = 0.000550741
vernier = 0.000413056
Gmin = 1.87777e-012
vernier = 0.000550741
vernier = 0.000734321
Gmin = 1.87484e-012
vernier = 0.000979095
vernier = 0.00130546
vernier = 0.00065273
Gmin = 1.87141e-012
vernier = 0.000489547
vernier = 0.000652729
Gmin = 1.86904e-012
vernier = 0.000870306
vernier = 0.00116041
vernier = 0.000580204
Gmin = 1.86599e-012
vernier = 0.000435153
vernier = 0.000580204
Gmin = 1.8639e-012
vernier = 0.000773604
vernier = 0.00103147
Gmin = 1.86024e-012
vernier = 0.0013753
vernier = 0.000687648
vernier = 0.000515736
Gmin = 1.8576e-012
vernier = 0.000687648
vernier = 0.000916864
Gmin = 1.85436e-012
vernier = 0.00122248
vernier = 0.000611242
vernier = 0.000458432
Gmin = 1.85202e-012
vernier = 0.000611242
vernier = 0.000814989
Gmin = 1.84915e-012
vernier = 0.00108665
vernier = 0.000543326
vernier = 0.000407495
Gmin = 1.84708e-012
vernier = 0.000543326
vernier = 0.000724434
Gmin = 1.84453e-012
vernier = 0.000965912
Gmin = 1.84052e-012
vernier = 0.00128788
vernier = 0.000643941
vernier = 0.000482956
vernier = 0.000643941
Gmin = 1.83882e-012
vernier = 0.000858588
Gmin = 1.83527e-012
vernier = 0.00114478
vernier = 0.000572392
vernier = 0.000429294
vernier = 0.000572392
Gmin = 1.83376e-012
vernier = 0.000763189
Gmin = 1.83062e-012
vernier = 0.00101758
vernier = 0.00135678
vernier = 0.00067839
vernier = 0.000508792
Gmin = 1.82759e-012
vernier = 0.00067839
Gmin = 1.8248e-012
vernier = 0.000904519
vernier = 0.00120603
vernier = 0.000603013
vernier = 0.000452259
Gmin = 1.82212e-012
vernier = 0.000603012
Gmin = 1.81965e-012
vernier = 0.000804016
vernier = 0.00107202
vernier = 0.000536011
vernier = 0.000402008
Gmin = 1.81728e-012
vernier = 0.000536011
Gmin = 1.81509e-012
vernier = 0.000714681
vernier = 0.000952907
Gmin = 1.81142e-012
vernier = 0.00127054
vernier = 0.000635271
vernier = 0.000476454
Gmin = 1.80948e-012
vernier = 0.000635271
vernier = 0.000847028
Gmin = 1.80622e-012
vernier = 0.00112937
vernier = 0.000564685
vernier = 0.000423514
Gmin = 1.8045e-012
vernier = 0.000564685
vernier = 0.000752913
Gmin = 1.80162e-012
vernier = 0.00100388
vernier = 0.00133851
vernier = 0.000669256
Gmin = 1.79823e-012
vernier = 0.000501942
vernier = 0.000669256
Gmin = 1.7959e-012
vernier = 0.000892341
vernier = 0.00118979
vernier = 0.000594894
Gmin = 1.7929e-012
vernier = 0.00044617
vernier = 0.000594894
Gmin = 1.79083e-012
vernier = 0.000793191
vernier = 0.00105759
vernier = 0.000528794
Gmin = 1.78817e-012
Gmin = 0
Gmin stepping failed

Starting source stepping with srcstepmethod=0
Source Step = 3.0303%
Source Step = 33.3333%
Source Step = 51.5152%
Source Step = 56.6288%
Source Step = 58.5227%
Source Step = 60.4167%
Source Step = 62.3106%
Source Step = 64.2045%
Source Step = 64.9148%
Source Step = 65.3883%
Source Step = 65.8617%
Source Step = 66.3352%
Source Step = 66.8087%
vernier = 0.0234375
Source Step = 67.4242%
Source Step = 68.1345%
Source Step = 68.8447%
Source Step = 69.5549%
Source Step = 70.2652%
vernier = 0.0351563
Source Step = 70.7268%
Source Step = 70.9931%
Source Step = 71.2595%
Source Step = 71.5258%
Source Step = 71.7921%
vernier = 0.0131836
Source Step = 72.0984%
Source Step = 72.4979%
Source Step = 72.8974%
Source Step = 73.2969%
Source Step = 73.6964%
vernier = 0.0197754
Source Step = 74.031%
Source Step = 74.1808%
Source Step = 74.3306%
Source Step = 74.4805%
Source Step = 74.6303%
Source Step = 74.7801%
vernier = 0.00741577
Source Step = 75.0048%
Source Step = 75.2295%
Source Step = 75.4542%
Source Step = 75.679%
Source Step = 75.9037%
vernier = 0.0111237
Source Step = 75.9936%
Source Step = 76.0778%
Source Step = 76.1621%
Source Step = 76.2464%
Source Step = 76.3307%
vernier = 0.00417137
Source Step = 76.4444%
Source Step = 76.5708%
Source Step = 76.6972%
Source Step = 76.8236%
Source Step = 76.95%
vernier = 0.00625706
Source Step = 77.1144%
Source Step = 77.304%
Source Step = 77.4936%
Source Step = 77.6832%
Source Step = 77.8728%
vernier = 0.00938559
Source Step = 77.996%
Source Step = 78.0672%
Source Step = 78.1383%
Source Step = 78.2094%
Source Step = 78.2805%
vernier = 0.00351959
Source Step = 78.3622%
Source Step = 78.4689%
Source Step = 78.5755%
Source Step = 78.6822%
Source Step = 78.7888%
vernier = 0.00527939
Source Step = 78.9062%
Source Step = 79.0661%
Source Step = 79.2261%
Source Step = 79.3861%
Source Step = 79.5461%
vernier = 0.00791909
Source Step = 79.7141%
vernier = 0.00197977
Source Step = 79.7501%
Source Step = 79.8101%
Source Step = 79.8701%
Source Step = 79.93%
Source Step = 79.99%
vernier = 0.00296966
Source Step = 80.077%
Source Step = 80.167%
Source Step = 80.257%
Source Step = 80.347%
Source Step = 80.437%
vernier = 0.00445449
Source Step = 80.563%
Source Step = 80.698%
Source Step = 80.8329%
Source Step = 80.9679%
Source Step = 81.1029%
vernier = 0.00668173
Source Step = 81.1738%
Source Step = 81.2244%
Source Step = 81.275%
Source Step = 81.3256%
Source Step = 81.3763%
vernier = 0.00250565
Source Step = 81.4395%
Source Step = 81.5155%
Source Step = 81.5914%
Source Step = 81.6673%
Source Step = 81.7432%
vernier = 0.00375847
Source Step = 81.8344%
Source Step = 81.9483%
Source Step = 82.0621%
Source Step = 82.176%
Source Step = 82.2899%
vernier = 0.00563771
Source Step = 82.3782%
Source Step = 82.4209%
Source Step = 82.4636%
Source Step = 82.5063%
Source Step = 82.549%
vernier = 0.00211414
Source Step = 82.5939%
Source Step = 82.6579%
Source Step = 82.722%
Source Step = 82.7861%
Source Step = 82.8501%
Source Step = 82.9142%
vernier = 0.00317121
Source Step = 83.0103%
Source Step = 83.1064%
Source Step = 83.2025%
Source Step = 83.2986%
Source Step = 83.3947%
vernier = 0.00475682
Source Step = 83.4331%
Source Step = 83.4692%
Source Step = 83.5052%
Source Step = 83.5412%
Source Step = 83.5773%
vernier = 0.00178381
Source Step = 83.6259%
Source Step = 83.68%
Source Step = 83.734%
Source Step = 83.7881%
Source Step = 83.8421%
vernier = 0.00267571
Source Step = 83.9124%
Source Step = 83.9935%
Source Step = 84.0746%
Source Step = 84.1557%
Source Step = 84.2367%
vernier = 0.00401357
Source Step = 84.2895%
Source Step = 84.3199%
Source Step = 84.3503%
Source Step = 84.3807%
Source Step = 84.4111%
vernier = 0.00150509
Source Step = 84.446%
Source Step = 84.4916%
Source Step = 84.5373%
Source Step = 84.5829%
Source Step = 84.6285%
vernier = 0.00225763
Source Step = 84.6786%
Source Step = 84.7471%
Source Step = 84.8155%
Source Step = 84.8839%
Source Step = 84.9523%
vernier = 0.00338645
Source Step = 85.0241%
vernier = 0.000846611
Source Step = 85.0395%
Source Step = 85.0652%
Source Step = 85.0908%
Source Step = 85.1165%
Source Step = 85.1421%
vernier = 0.00126992
Source Step = 85.1793%
Source Step = 85.2178%
Source Step = 85.2563%
Source Step = 85.2948%
Source Step = 85.3333%
vernier = 0.00190488
Source Step = 85.3871%
Source Step = 85.4449%
Source Step = 85.5026%
Source Step = 85.5603%
Source Step = 85.618%
vernier = 0.00285731
Source Step = 85.696%
Starting source stepping with srcstepmethod=1
Source Step = 3.0303%
Source Step = 33.3333%
Source Step = 63.6364%
Source Step = 93.9394%
Source Step = 100%
Source Step = 100%
Source Step = 99.1894%
vernier = 0.015625
Source Step = 99.0237%
Source Step = 99.0533%
Source Step = 99.0829%
Source Step = 99.1125%
Source Step = 99.142%
Source Step = 99.1716%
Source Step = 99.2012%
Source Step = 99.2308%
Source Step = 99.2604%
Source Step = 99.29%
Source Step = 99.3196%
Source Step = 99.3492%
Source Step = 99.3788%
Source Step = 99.4084%
Source Step = 99.438%
Source Step = 99.4676%
Source Step = 99.4972%
Source Step = 99.5268%
Source Step = 99.5563%
Source Step = 99.5859%
Source Step = 99.6155%
Source Step = 99.6451%
Source Step = 99.6747%
Source Step = 99.7043%
Source Step = 99.7339%
Source Step = 99.7635%
Source Step = 99.7931%
Source Step = 99.8227%
Source Step = 99.8523%
Source Step = 99.8819%
Source Step = 99.9115%
Source Step = 99.9411%
Source Step = 99.9706%
Source Step = 100%
Source Step = 100%
Source Step = 100%
Source Step = 100%
Source Step = 100%
Source Step = 100%
Source Step = 100%
Source Step = 100%
Source Step = 100%
Source Step = 100%
Source Step = 100%
Source Step = 100%
Source Step = 100%
Source Step = 100%
Source Step = 100%
Source Step = 100%
Source Step = 100%
Source Step = 100%
Source Step = 100%
Source Step = 100%
Source Step = 100%
Source Step = 100%
Source Step = 100%
Source Step = 100%
Source Step = 100%
Source Step = 100%
Source Step = 100%
Source Step = 100%
Source Step = 100%
Source Step = 100%
Source Step = 100%
Source Step = 100%
Source Step = 100%
Source Step = 100%
Source Step = 100%
Source Step = 100%
Source Step = 100%
Source Step = 100%
Source Step = 100%
Source Step = 100%
Source Step = 100%
Source Step = 100%
Source Step = 100%
Source Step = 100%
Source Step = 100%
Source Step = 100%
Source Step = 100%
Source Step = 100%
Source Step = 100%
Source Step = 100%
Source Step = 100%
Source Step = 100%
Source Step = 100%
Source Step = 100%
Source Step = 100%
Source Step = 100%
Source Step = 100%
Source Step = 100%
Source Step = 100%
Source Step = 100%
Source Step = 100%
Source Step = 100%
Source Step = 100%
Source Step = 100%
Source Step = 100%
Source Step = 100%
Source Step = 100%
Source Step = 100%
Source Step = 100%
Source Step = 100%
Source Step = 100%
Source Step = 100%
Source Step = 100%
Source Step = 100%
Source Step = 100%
Source Step = 100%
Source Step = 100%
Source Step = 100%
Source Step = 100%
Source Step = 100%
Source Step = 100%
Source Step = 100%
Source Step = 100%
Source Step = 100%
Source Step = 100%
Source Step = 100%
Source Step = 100%
Source Step = 100%
Source Step = 100%
Source Step = 100%
Source Step = 100%
Source Step = 100%
Source Step = 100%
Source Step = 100%
Source Step = 100%
Source Step = 100%
Source Step = 100%
Source Step = 100%
Source Step = 100%
Source Step = 100%
Source Step = 100%
Source Step = 100%
Source Step = 100%
Source Step = 100%
Source Step = 100%
Source Step = 100%
Source Step = 100%
Source Step = 100%
Source Step = 100%
Source Step = 100%
Source Step = 100%
Source Step = 100%
Source Step = 100%
Source Step = 100%
Source Step = 100%
Source Step = 100%
Source Step = 100%
Source Step = 100%
Source Step = 100%
Source Step = 100%
Source Step = 100%
Source Step = 100%
Source Step = 100%
Source Step = 100%
Source Step = 100%
Source Step = 100%
Source Step = 100%
Source Step = 100%
Source Step = 100%
Source Step = 100%
Source Step = 100%
Source Step = 100%
Source Step = 100%
Source Step = 100%
Source Step = 100%
Source Step = 100%
Source Step = 100%
Source Step = 100%
Source Step = 100%
Source Step = 100%
Source Step = 100%
Source Step = 100%
Source Step = 100%
Source Step = 100%
Source Step = 100%
Source Step = 100%
Source Step = 100%
Source Step = 100%
Source Step = 100%
Source Step = 100%
Source Step = 100%
Source Step = 100%
Source Step = 100%
Source Step = 100%
Source Step = 100%
Source Step = 100%
Source Step = 100%
Source Step = 100%
Source Step = 100%
Source Step = 100%
Source Step = 100%
Source Step = 100%
Source Step = 100%
Source Step = 100%
Source Step = 100%
Source Step = 100%
Source Step = 100%
Source Step = 100%
Source Step = 100%
Source Step = 100%
Source Step = 100%
Source Step = 100%
Source Step = 100%
Source Step = 100%
Source Step = 100%
Source Step = 100%
Source Step = 100%
Source Step = 100%
Source Step = 100%
Source Step = 100%
Source Step = 100%
Source Step = 100%
Source Step = 100%
Source Step = 100%
Source Step = 100%
Source Step = 100%
Source Step = 100%
Source Step = 100%
Source Step = 100%
Source Step = 100%
Source Step = 100%
Source Step = 100%
Source Step = 100%
Source Step = 100%
Source Step = 100%
Source Step = 100%
Source Step = 100%
Source Step = 100%
Source Step = 100%
Source Step = 100%
Source Step = 100%
Source Step = 100%
Source Step = 100%
Source Step = 100%
Source Step = 100%
Source Step = 100%
Source Step = 100%
Source Step = 100%
Source Step = 100%
Source Step = 100%
Source Step = 100%
Source Step = 100%
Source Step = 100%
Source Step = 100%
Source Step = 100%
Source Step = 100%
Source Step = 100%
Source Step = 100%
Source Step = 100%
Source Step = 100%
Source Step = 100%
Source Step = 100%
Source Step = 100%
Source Step = 100%
Source Step = 100%
Source Step = 100%
Source Step = 100%
Source Step = 100%
Source Step = 100%
Source Step = 100%
Source Step = 100%
Source Step = 100%
Source Step = 100%
Source Step = 100%
Source Step = 100%
Source Step = 100%
Source Step = 100%
Source Step = 100%
Source Step = 100%
Source Step = 100%
Source Step = 100%
Source Step = 100%
Source Step = 100%
Source Step = 100%
Source Step = 100%
Source Step = 100%
Source Step = 100%
Source Step = 100%
Source Step = 100%
Source Step = 100%
Source Step = 100%
Source Step = 100%
Source Step = 100%
Source Step = 100%
Source Step = 100%
Source Step = 100%
Source Step = 100%
Source Step = 100%
Source Step = 100%
Source Step = 100%
Source Step = 100%
Source Step = 100%
Source Step = 100%
Source Step = 100%
Source Step = 100%
Source Step = 100%
Source Step = 100%
Source Step = 100%
Source Step = 100%
Source Step = 100%
Source Step = 100%
Source Step = 100%
Source Step = 100%
Source Step = 100%
Source Step = 100%
Source Step = 100%
Source Step = 100%
Source Step = 100%
Source Step = 100%
Source Step = 100%
Source Step = 100%
Source Step = 100%
Source Step = 100%
Source Step = 100%
Source Step = 100%
Source Step = 100%
Source Step = 100%
Source Step = 100%
Source Step = 100%
Source Step = 100%
Source Step = 100%
Source Step = 100%
Source Step = 100%
Source Step = 100%
Source Step = 100%
Source Step = 100%
Source Step = 100%
Source Step = 100%
Source Step = 100%
Source Step = 100%
Source Step = 100%
Source Step = 100%
Source Step = 100%
Source Step = 100%
Source Step = 100%
Source Step = 100%
Source Step = 100%
Source Step = 100%
Source Step = 100%
Source Step = 100%
Source Step = 100%
Source Step = 100%
Source Step = 100%
Source Step = 100%
Source Step = 100%
Source Step = 100%
Source Step = 100%
Source Step = 100%
Source Step = 100%
Source Step = 100%
Source Step = 100%
Source Step = 100%
Source Step = 100%
Source Step = 100%
Source Step = 100%
Source Step = 100%
Source Step = 100%
Source Step = 100%
Source Step = 100%
Source Step = 100%
Source Step = 100%
Source Step = 100%
Source Step = 100%
Source Step = 100%
Source Step = 100%
Source Step = 100%
Source Step = 100%
Source Step = 100%
Source Step = 100%
Source Step = 100%
Source Step = 100%
Source Step = 100%
Source Step = 100%
Source Step = 100%
Source Step = 100%
Source Step = 100%
Source Step = 100%
Source Step = 100%
Source Step = 100%
Source Step = 100%
Source Step = 100%
Source Step = 100%
Source Step = 100%
Source Step = 100%
Source Step = 100%
Source Step = 100%
Source Step = 100%
Source Step = 100%
Source Step = 100%
Source Step = 100%
Source Step = 100%
Source Step = 100%
Source Step = 100%
Source Step = 100%
Source Step = 100%
Source Step = 100%
Source Step = 100%
Source Step = 100%
Source Step = 100%
Source Step = 100%
Source Step = 100%
Source Step = 100%
Source Step = 100%
Source Step = 100%
Source Step = 100%
Source Step = 100%
Source Step = 100%
Source Step = 100%
Source Step = 100%
Source Step = 100%
Source Step = 100%
Source Step = 100%
Source Step = 100%
Source Step = 100%
Source Step = 100%
Source Step = 100%
Source Step = 100%
Source Step = 100%
Source Step = 100%
Source Step = 100%
Source Step = 100%
Source Step = 100%
Source Step = 100%
Source Step = 100%
Source Step = 100%
Source Step = 100%
Source Step = 100%
Source Step = 100%
Source Step = 100%
Source Step = 100%
Source Step = 100%
Source Step = 100%
Source Step = 100%
Source Step = 100%
Source Step = 100%
Source Step = 100%
Source Step = 100%
Source Step = 100%
Source Step = 100%
Source Step = 100%
Source Step = 100%
Source Step = 100%
Source Step = 100%
Source Step = 100%
Source Step = 100%
Source Step = 100%
Source Step = 100%
Source Step = 100%
Source Step = 100%
Source Step = 100%
Source Step = 100%
Source Step = 100%
Source Step = 100%
Source Step = 100%
Source Step = 100%
Source Step = 100%
Source Step = 100%
Source Step = 100%
Source Step = 100%
Source Step = 100%
Source Step = 100%
Source Step = 100%
Source Step = 100%
Source Step = 100%
Source Step = 100%
Source Step = 100%
Source Step = 100%
Source Step = 100%
Source Step = 100%
Source Step = 100%
Source Step = 100%
Source Step = 100%
Source Step = 100%
Source Step = 100%
Source Step = 100%
Source Step = 100%
Source Step = 100%
Source Step = 100%
Source Step = 100%
Source Step = 100%
Source Step = 100%
Source Step = 100%
Source Step = 100%
Source Step = 100%
Source Step = 100%
Source Step = 100%
Source Step = 100%
Source Step = 100%
Source Step = 100%
Source Step = 100%
Source Step = 100%
Source Step = 100%
Source Step = 100%
Source Step = 100%
Source Step = 100%
Source Step = 100%
Source Step = 100%
Source Step = 100%
Source Step = 100%
Source Step = 100%
Source Step = 100%
Source Step = 100%
Source Step = 100%
Source Step = 100%
Source Step = 100%
Source Step = 100%
Source Step = 100%
Source Step = 100%
Source Step = 100%
Source Step = 100%
Source Step = 100%
Source Step = 100%
Source Step = 100%
Source Step = 100%
Source Step = 100%
Source Step = 100%
Source Step = 100%
Source Step = 100%
Source Step = 100%
Source Step = 100%
Source Step = 100%
Source Step = 100%
Source Step = 100%
Source Step = 100%
Source Step = 100%
Source Step = 100%
Source Step = 100%
Source Step = 100%
Source Step = 100%
Source Step = 100%
Source Step = 100%
Source Step = 100%
Source Step = 100%
Source Step = 100%
Source Step = 100%
Source Step = 100%
Source Step = 100%
Source Step = 100%
Source Step = 100%
Source Step = 100%
Source Step = 100%
Source Step = 100%
Source Step = 100%
Source Step = 100%
Source Step = 100%
Source Step = 100%
Source Step = 100%
Source Step = 100%
Source Step = 100%
Source Step = 100%
Source Step = 100%
Source Step = 100%
Source Step = 100%
Source Step = 100%
Source Step = 100%
Source Step = 100%
Source Step = 100%
Source Step = 100%
Source Step = 100%
Source Step = 100%
Source Step = 100%
Source Step = 100%
Source Step = 100%
Source Step = 100%
Source Step = 100%
Source Step = 100%
Source Step = 100%
Source Step = 100%
Source Step = 100%
Source Step = 100%
Source Step = 100%
Source Step = 100%
Source Step = 100%
Source Step = 100%
Source Step = 100%
Source Step = 100%
Source Step = 100%
Source Step = 100%
Source Step = 100%
Source Step = 100%
Source Step = 100%
Source Step = 100%
Source Step = 100%
Source Step = 100%
Source Step = 100%
Source Step = 100%
Source Step = 100%
Source Step = 100%
Source Step = 100%
Source Step = 100%
Source Step = 100%
Source Step = 100%
Source Step = 100%
Source Step = 100%
Source Step = 100%
Source Step = 100%
Source Step = 100%
Source Step = 100%
Source Step = 100%
Source Step = 100%
Source Step = 100%
Source Step = 100%
Source Step = 100%
Source Step = 100%
Source Step = 100%
Source Step = 100%
Source Step = 100%
Source Step = 100%
Source Step = 100%
Source Step = 100%
Source Step = 100%
Source Step = 100%
Source Step = 100%
Source Step = 100%
Source Step = 100%
Source Step = 100%
Source Step = 100%
Source Step = 100%
Source Step = 100%
Source Step = 100%
Source Step = 100%
Source Step = 100%
Source Step = 100%
Source Step = 100%
Source Step = 100%
Source Step = 100%
Source Step = 100%
Source Step = 100%
Source Step = 100%
Source Step = 100%
Source Step = 100%
Source Step = 100%
Source Step = 100%
Source Step = 100%
Source Step = 100%
Source Step = 100%
Source Step = 100%
Source Step = 100%
Source Step = 100%
Source Step = 100%
Source Step = 100%
Source Step = 100%
Source Step = 100%
Source Step = 100%
Source Step = 100%
Source Step = 100%
Source Step = 100%
Source Step = 100%
Source Step = 100%
Source Step = 100%
Source Step = 100%
Source Step = 100%
Source Step = 100%
Source Step = 100%
Source Step = 100%
Source Step = 100%
Source Step = 100%
Source Step = 100%
Source Step = 100%
Source Step = 100%
Source Step = 100%
Source Step = 100%
Source Step = 100%
Source Step = 100%
Source Step = 100%
Source Step = 100%
Source Step = 100%
Source Step = 100%
Source Step = 100%
Source Step = 100%
Source Step = 100%
Source Step = 100%
Source Step = 100%
Source Step = 100%
Source Step = 100%
Source Step = 100%
Source Step = 100%
Source Step = 100%
Source Step = 100%
Source Step = 100%
Source Step = 100%
Source Step = 100%
Source Step = 100%
Source Step = 100%
Source Step = 100%
Source Step = 100%
Source Step = 100%
Source Step = 100%
Source Step = 100%
Source Step = 100%
Source Step = 100%
Source Step = 100%
Source Step = 100%
Source Step = 100%
Source Step = 100%
Source Step = 100%
Source Step = 100%
Source Step = 100%
Source Step = 100%
Source Step = 100%
Source Step = 100%
Source Step = 100%
Source Step = 100%
Source Step = 100%
Source Step = 100%
Source Step = 100%
Source Step = 100%
Source Step = 100%
Source Step = 100%
Source Step = 100%
Source Step = 100%
Source Step = 100%
Source Step = 100%
Source Step = 100%
Source Step = 100%
Source Step = 100%
Source Step = 100%
Source Step = 100%
Source Step = 100%
Source Step = 100%
Source Step = 100%
Source Step = 100%
Source Step = 100%
Source Step = 100%
Source Step = 100%
Source Step = 100%
Source Step = 100%
Source Step = 100%
Source Step = 100%
Source Step = 100%
Source Step = 100%
Source Step = 100%
Source Step = 100%
Source Step = 100%
Source Step = 100%
Source Step = 100%
Source Step = 100%
Source Step = 100%
Source Step = 100%
Source Step = 100%
Source Step = 100%
Source Step = 100%
Source Step = 100%
Source Step = 100%
Source Step = 100%
Source Step = 100%
Source Step = 100%
Source Step = 100%
Source Step = 100%
Source Step = 100%
Source Step = 100%
Source Step = 100%
Source Step = 100%
Source Step = 100%
Source Step = 100%
Source Step = 100%
Source Step = 100%
Source Step = 100%
Source Step = 100%
Source Step = 100%
Source Step = 100%
Source Step = 100%
Source Step = 100%
Source Step = 100%
Source Step = 100%
Source Step = 100%
Source Step = 100%
Source Step = 100%
Source Step = 100%
Source Step = 100%
Source Step = 100%
Source Step = 100%
Source Step = 100%
Source Step = 100%
Source Step = 100%
Source Step = 100%
Source Step = 100%
Source Step = 100%
Source Step = 100%
Source Step = 100%
Source Step = 100%
Source Step = 100%
Source Step = 100%
Source Step = 100%
Source Step = 100%
Source Step = 100%
Source Step = 100%
Source Step = 100%
Source Step = 100%
Source Step = 100%
Source Step = 100%
Source Step = 100%
Source Step = 100%
Source Step = 100%
Source Step = 100%
Source Step = 100%
Source Step = 100%
Source Step = 100%
Source Step = 100%
Source Step = 100%
Source Step = 100%
Source Step = 100%
Source Step = 100%
Source Step = 100%
Source Step = 100%
Source Step = 100%
Source Step = 100%
Source Step = 100%
Source Step = 100%
Source Step = 100%
Source Step = 100%
Source Step = 100%
Source Step = 100%
Source Step = 100%
Source Step = 100%
Source Step = 100%
Source Step = 100%
Source Step = 100%
Source Step = 100%
Source Step = 100%
Source Step = 100%
Source Step = 100%
Source Step = 100%
Source Step = 100%
Source Step = 100%
Source Step = 100%
Source Step = 100%
Source Step = 100%
Source Step = 100%
Source Step = 100%
Source Step = 100%
Source Step = 100%
Source Step = 100%
Source Step = 100%
Source Step = 100%
Source Step = 100%
Source Step = 100%
Source Step = 100%
Source Step = 100%
Source Step = 100%
Source Step = 100%
Source Step = 100%
Source Step = 100%
Source Step = 100%
Source Step = 100%
Source Step = 100%
Source Step = 100%
Source Step = 100%
Source Step = 100%
Source Step = 100%
Source Step = 100%
Source Step = 100%
Source Step = 100%
Source Step = 100%
Source Step = 100%
Source Step = 100%
Source Step = 100%
Source Step = 100%
Source Step = 100%
Source Step = 100%
Source Step = 100%
Source Step = 100%
Source Step = 100%
Source Step = 100%
Source Step = 100%
Source Step = 100%
Source Step = 100%
Source Step = 100%
Source Step = 100%
Source Step = 100%
Source Step = 100%
Source Step = 100%
Source Step = 100%
Source Step = 100%
Source Step = 100%
Source Step = 100%
Source Step = 100%
Source Step = 100%
Source Step = 100%
Source Step = 100%
Source Step = 100%
Source Step = 100%
Source Step = 100%
Source Step = 100%
Source Step = 100%
Source Step = 100%
Source Step = 100%
Source Step = 100%
Source Step = 100%
Source Step = 100%
Source Step = 100%
Source Step = 100%
Source Step = 100%
Source Step = 100%
Source Step = 100%
Source Step = 100%
Source Step = 100%
Source Step = 100%
Source Step = 100%
Source Step = 100%
Source Step = 100%
Source Step = 100%
Source Step = 100%
Source Step = 100%
Source Step = 100%
Source Step = 100%
Source Step = 100%
Source Step = 100%
Source Step = 100%
Source Step = 100%
Source Step = 100%
Source Step = 100%
Source Step = 100%
Source Step = 100%
Source Step = 100%
Source Step = 100%
Source Step = 100%
Source Step = 100%
Source Step = 100%
Source Step = 100%
Source Step = 100%
Source Step = 100%
Source Step = 100%
Source Step = 100%
Source Step = 100%
Source Step = 100%
Source Step = 100%
Source Step = 100%
Source Step = 100%
Source Step = 100%
Source Step = 100%
Source Step = 100%
Source Step = 100%
Source Step = 100%
Source Step = 100%
Source Step = 100%
Source Step = 100%
Source Step = 100%
Source Step = 100%
Source Step = 100%
Source Step = 100%
Source Step = 100%
Source Step = 100%
Source Step = 100%
Source Step = 100%
Source Step = 100%
Source Step = 100%
Source Step = 100%
Source Step = 100%
Source Step = 100%
Source Step = 100%
Source Step = 100%
Source Step = 100%
Source Step = 100%
Source Step = 100%
Source Step = 100%
Source Step = 100%
Source Step = 100%
Source Step = 100%
Source Step = 100%
Source Step = 100%
Source Step = 100%
Source Step = 100%
Source Step = 100%
Source Step = 100%
Source Step = 100%
Source Step = 100%
Source Step = 100%
Source Step = 100%
Source Step = 100%
Source Step = 100%
Source Step = 100%
Source Step = 100%
Source Step = 100%
Source Step = 100%
Source Step = 100%
Source Step = 100%
Source Step = 100%
Source Step = 100%
Source Step = 100%
Source Step = 100%
Source Step = 100%
Source Step = 100%
Source Step = 100%
Source Step = 100%
Source Step = 100%
Source Step = 100%
Source Step = 100%
Source Step = 100%
Source Step = 100%
Source Step = 100%
Source Step = 100%
Source Step = 100%
Source Step = 100%
Source Step = 100%
Source Step = 100%
Source Step = 100%
Source Step = 100%
Source Step = 100%
Source Step = 100%
Source Step = 100%
Source Step = 100%
Source Step = 100%
Source Step = 100%
Source Step = 100%
Source Step = 100%
Source Step = 100%
Source Step = 100%
Source Step = 100%
Source Step = 100%
Source Step = 100%
Source Step = 100%
Source Step = 100%
Source Step = 100%
Source Step = 100%
Source Step = 100%
Source Step = 100%
Source Step = 100%
Source Step = 100%
Source Step = 100%
Source Step = 100%
Source Step = 100%
Source Step = 100%
Source Step = 100%
Source Step = 100%
Source Step = 100%
Source Step = 100%
Source Step = 100%
Source Step = 100%
Source Step = 100%
Source Step = 100%
Source Step = 100%
Source Step = 100%
Source Step = 100%
Source Step = 100%
Source Step = 100%
Source Step = 100%
Source Step = 100%
Source Step = 100%
Source Step = 100%
Source Step = 100%
Source Step = 100%
Source Step = 100%
Source Step = 100%
Source Step = 100%
Source Step = 100%
Source Step = 100%
Source Step = 100%
Source Step = 100%
Source Step = 100%
Source Step = 100%
Source Step = 100%
Source Step = 100%
Source Step = 100%
Source Step = 100%
Source Step = 100%
Source Step = 100%
Source Step = 100%
Source Step = 100%
Source Step = 100%
Source Step = 100%
Source Step = 100%
Source Step = 100%
Source Step = 100%
Source Step = 100%
Source Step = 100%
Source Step = 100%
Source Step = 100%
Source Step = 100%
Source Step = 100%
Source Step = 100%
Source Step = 100%
Source Step = 100%
Source Step = 100%
Source Step = 100%
Source Step = 100%
Source Step = 100%
Source Step = 100%
Source Step = 100%
Source Step = 100%
Source Step = 100%
Source Step = 100%
Source Step = 100%
Source Step = 100%
Source Step = 100%
Source Step = 100%
Source Step = 100%
Source Step = 100%
Source Step = 100%
Source Step = 100%
Source Step = 100%
Source Step = 100%
Source Step = 100%
Source Step = 100%
Source Step = 100%
Source Step = 100%
Source Step = 100%
Source Step = 100%
Source Step = 100%
Source Step = 100%
Source Step = 100%
Source Step = 100%
Source Step = 100%
Source Step = 100%
Source Step = 100%
Source Step = 100%
Source Step = 100%
Source Step = 100%
Source Step = 100%
Source Step = 100%
Source Step = 100%
Source Step = 100%
Source Step = 100%
Source Step = 100%
Source Step = 100%
Source Step = 100%
Source Step = 100%
Source Step = 100%
Source Step = 100%
Source Step = 100%
Source Step = 100%
Source Step = 100%
Source Step = 100%
Source Step = 100%
Source Step = 100%
Source Step = 100%
Source Step = 100%
Source Step = 100%
Source Step = 100%
Source Step = 100%
Source Step = 100%
Source Step = 100%
Source Step = 100%
Source Step = 100%
Source Step = 100%
Source Step = 100%
Source Step = 100%
Source Step = 100%
Source Step = 100%
Source Step = 100%
Source Step = 100%
Source Step = 100%
Source Step = 100%
Source Step = 100%
Source Step = 100%
Source Step = 100%
Source Step = 100%
Source Step = 100%
Source Step = 100%
Source Step = 100%
Source Step = 100%
Source Step = 100%
Source Step = 100%
Source Step = 100%
Source Step = 100%
Source Step = 100%
Source Step = 100%
Source Step = 100%
Source Step = 100%
Source Step = 100%
Source Step = 100%
Source Step = 100%
Source Step = 100%
Source Step = 100%
Source Step = 100%
Source Step = 100%
Source Step = 100%
Source Step = 100%
Source Step = 100%
Source Step = 100%
Source Step = 100%
Source Step = 100%
Source Step = 100%
Source Step = 100%
Source Step = 100%
Source Step = 100%
Source Step = 100%
Source Step = 100%
Source Step = 100%
Source Step = 100%
Source Step = 100%
Source Step = 100%
Source Step = 100%
Source Step = 100%
Source Step = 100%
Source Step = 100%
Source Step = 100%
Source Step = 100%
Source Step = 100%
Source Step = 100%
Source Step = 100%
Source Step = 100%
Source Step = 100%
Source Step = 100%
Source Step = 100%
Source Step = 100%
Source Step = 100%
Source Step = 100%
Source Step = 100%
Source Step = 100%
Source Step = 100%
Source Step = 100%
Source Step = 100%
Source Step = 100%
Source Step = 100%
Source Step = 100%
Source Step = 100%
Source Step = 100%
Source Step = 100%
Source Step = 100%
Source Step = 100%
Source Step = 100%
Source Step = 100%
Source Step = 100%
Source Step = 100%
Source Step = 100%
Source Step = 100%
Source Step = 100%
Source Step = 100%
Source Step = 100%
Source Step = 100%
Source Step = 100%
Source Step = 100%
Source Step = 100%
Source Step = 100%
Source Step = 100%
Source Step = 100%
Source Step = 100%
Source Step = 100%
Source Step = 100%
Source Step = 100%
Source Step = 100%
Source Step = 100%
Source Step = 100%
Source Step = 100%
Source Step = 100%
Source Step = 100%
Source Step = 100%
Source Step = 100%
Source Step = 100%
Source Step = 100%
Source Step = 100%
Source Step = 100%
Source Step = 100%
Source Step = 100%
Source Step = 100%
Source Step = 100%
Source Step = 100%
Source Step = 100%
Source Step = 100%
Source Step = 100%
Source Step = 100%
Source Step = 100%
Source Step = 100%
Source Step = 100%
Source Step = 100%
Source Step = 100%
Source Step = 100%
Source Step = 100%
Source Step = 100%
Source Step = 100%
Source Step = 100%
Source Step = 100%
Source Step = 100%
Source Step = 100%
Source Step = 100%
Source Step = 100%
Source Step = 100%
Source Step = 100%
Source Step = 100%
Source Step = 100%
Source Step = 100%
Source Step = 100%
Source Step = 100%
Source Step = 100%
Source Step = 100%
Source Step = 100%
Source Step = 100%
Source Step = 100%
Source Step = 100%
Source Step = 100%
Source Step = 100%
Source Step = 100%
Source Step = 100%
Source Step = 100%
Source Step = 100%
Source Step = 100%
Source Step = 100%
Source Step = 100%
Source Step = 100%
Source Step = 100%
Source Step = 100%
Source Step = 100%
Source Step = 100%
Source Step = 100%
Source Step = 100%
Source Step = 100%
Source Step = 100%
Source Step = 100%
Source Step = 100%
Source Step = 100%
Source Step = 100%
Source Step = 100%
Source Step = 100%
Source Step = 100%
Source Step = 100%
Source Step = 100%
Source Step = 100%
Source Step = 100%
Source Step = 100%
Source Step = 100%
Source Step = 100%
Source Step = 100%
Source Step = 100%
Source Step = 100%
Source Step = 100%
Source Step = 100%
Source Step = 100%
Source Step = 100%
Source Step = 100%
Source Step = 100%
Source Step = 100%
Source Step = 100%
Source Step = 100%
Source Step = 100%
Source Step = 100%
Source Step = 100%
Source Step = 100%
Source Step = 100%
Source Step = 100%
Source Step = 100%
Source Step = 100%
Source Step = 100%
Source Step = 100%
Source Step = 100%
Source Step = 100%
Source Step = 100%
Source Step = 100%
Source Step = 100%
Source Step = 100%
Source Step = 100%
Source Step = 100%
Source Step = 100%
Source Step = 100%
Source Step = 100%
Source Step = 100%
Source Step = 100%
Source Step = 100%
Source Step = 100%
Source Step = 100%
Source Step = 100%
Source Step = 100%
Source Step = 100%
Source Step = 100%
Source Step = 100%
Source Step = 100%
Source Step = 100%
Source Step = 100%
Source Step = 100%
Source Step = 100%
Source Step = 100%
Source Step = 100%
Source Step = 100%
Source Step = 100%
Source Step = 100%
Source Step = 100%
Source Step = 100%
Source Step = 100%
Source Step = 100%
Source Step = 100%
Source Step = 100%
Source Step = 100%
Source Step = 100%
Source Step = 100%
Source Step = 100%
Source Step = 100%
Source Step = 100%
Source Step = 100%
Trouble finding operating point....skipping operating point for Transient analysis.

Date: Sun May 10 18:25:23 2026
Total elapsed time: 21.207 seconds.

tnom = 27
temp = 27
method = modified trap
totiter = 3780665
traniter = 0
tranpoints = 1
accept = 1
rejected = 0
matrix size = 6
fillins = 0
solver = Normal

